년도,자치구,점포수,연도별_평균_상권_매출금액,연도별_주중_평균_상권_매출금액,연도별_주말_평균_상권_매출금액,연도별_월요일_평균_상권_매출금액,연도별_화요일_평균_상권_매출금액,연도별_수요일_평균_상권_매출금액,연도별_목요일_평균_상권_매출금액,연도별_금요일_평균_상권_매출금액,연도별_토요일_평균_상권_매출금액,연도별_일요일_평균_상권_매출금액,연도별_00_06_시간대_평균_상권_매출금액,연도별_06_11_시간대_평균_상권_매출금액,연도별_11_14_시간대_평균_상권_매출금액,연도별_14_17_시간대_평균_상권_매출금액,연도별_17_21_시간대_평균_상권_매출금액,연도별_21_24_시간대_평균_상권_매출금액,연도별_남성_평균_상권_매출금액,연도별_여성_평균_상권_매출금액,연도별_10대_평균_상권_매출금액,연도별_20대_평균_상권_매출금액,연도별_30대_평균_상권_매출금액,연도별_40대_평균_상권_매출금액,연도별_50대_평균_상권_매출금액,연도별_60대이상_평균_상권_매출금액
2017,강남구,85168,125455115.3109897,125578045.79740684,130068399.36063927,111881072.50743856,120938443.44597563,122698475.72814414,121920678.85805474,123295616.98446077,133089823.91840193,115742836.29160772,178795125.4537449,0.0,74589636.7481054,0.0,123107948.93731715,179124016.3449127,117377083.51831187,87354454.43957436,42017290.2036551,66975802.68863398,92949171.85703084,116539869.87137727,124265516.61089168,130405125.51692441
2017,강동구,35884,67253189.54354157,66373953.878362395,63124751.08494383,57858179.552306786,63774582.576014094,60658934.654297985,62965138.597029366,60226476.80673103,63787791.252860375,50139002.45866484,0.0,0.0,54294030.33353087,57127290.7285264,58982513.40362634,61796630.789386764,60425648.53390633,59752224.65628186,26941548.451489877,42564502.864606895,52528990.08468715,54416615.6299478,65011090.87250309,61898805.71113947
2017,강북구,24768,54805839.31785907,54144354.729624584,49684220.19742968,55580118.92486153,51128347.80424382,50490794.54956449,49714245.127075866,49678574.70016563,50052612.61994536,44392125.50083651,33242716.051118612,0.0,45076195.1542196,55249960.91681952,49382427.38053255,48754695.830716476,51366957.17615701,48843773.9752914,23066503.39477036,34431831.97017532,43155108.58135489,52397442.50698569,50094880.96547344,53768696.64219305
2017,강서구,35063,59929050.47171196,59792547.72792708,60428949.89390885,58673210.304315835,58964282.7312952,58762650.78506391,58996723.11143094,59645200.49775766,59281511.30183737,56688190.06178682,52898456.823756315,0.0,51883809.272637054,53449555.48477705,57947804.273487486,65392840.711160205,56179395.61129137,53318746.16752911,28645161.546703678,43240645.236798,52535672.57663029,57794090.91102964,61894786.34661398,60590378.896977164
2017,관악구,35685,66965274.79376368,67489490.55947894,55392652.574984804,0.0,57994812.318343304,64797418.86346419,65119738.13021572,62766817.98246672,55276091.82816227,51701307.48237134,43307993.45372265,50935086.24026469,59605842.13478582,59759846.363625675,56192783.09801983,55539805.10973346,60524579.88452645,56802636.140705675,0.0,42312269.11077889,48411570.84525806,53695253.044114545,63348684.78389954,70081322.67056872
2017,광진구,33625,61762299.28290358,60607586.31293498,61794949.642054334,59161340.01239944,60006196.70418812,57421193.20533661,62538891.18026547,61190372.86806506,61325824.94124313,55228930.73424927,0.0,0.0,48756722.72196519,63784304.18065564,63197779.54061941,63494854.90756865,70281853.7813894,52666268.43625498,25878897.295338888,40682200.100919664,49373405.52234222,57338679.85398134,68924764.0506853,62162512.28857967
2017,구로구,33925,60692734.56229395,59865571.0988842,57678683.92092166,58532238.071447626,58860725.01576809,59743961.261511974,57167901.89823031,54432110.08124305,57447313.14018105,52222969.86298609,45823442.37797027,51342069.302695446,47553025.208927624,59945154.89561158,59115192.933052264,59272727.20374759,57938038.29144761,50250959.98016919,23656742.405064154,39116518.27119061,48771236.15066731,51636734.70967057,58833690.44430485,0.0
2017,금천구,27511,60925826.29012264,60868756.3599407,42330002.30193294,51731237.47214236,44898869.04315898,51525926.64124744,49558149.35017758,47456942.80341226,41721227.1619528,40693841.85554402,0.0,0.0,47555469.962602004,50040155.790929176,55666155.08831274,0.0,57566616.05239827,39477764.417766824,18430199.644556202,31047351.479058456,53002355.36188328,41351620.210835114,45936066.59221072,58217718.186420895
2017,노원구,24748,35237898.84503852,34946096.92263796,35194914.253323846,32972448.010592606,33440958.417223714,34978134.15632026,33502938.775308635,37250799.025610425,35388886.78200648,32848737.571270883,29137047.713315073,28035770.411179584,31042125.542310167,30615216.878582746,37827790.27278911,35766706.07589724,34554967.517159574,32849584.940859877,17921833.863643818,29223379.96874297,32320128.487198807,33811929.286049016,36934184.39276639,36664280.66619511
2017,도봉구,20438,39341960.20862129,39114218.1143703,38199124.120111525,35790577.30356986,36746656.72345198,36996940.12621272,39195671.88664541,39586664.0223271,37262722.57507024,36661376.8765864,26352194.47833199,0.0,34154287.51363914,38102799.8727216,38437573.200609304,36185488.368989654,38336522.38306246,37164435.380150415,0.0,25717508.093474247,35368570.48310235,36900181.381863326,39916548.73586683,38310702.61180276
2017,동대문구,35593,85831370.27349432,78970666.173743,80089392.44203165,74498932.90491869,74232351.6541018,76340254.91770518,73733472.96801484,72860919.74402282,79968427.42428228,61659453.32472611,57927097.95458491,0.0,69215801.74096715,79097593.2235761,65991188.041403845,68465390.5719415,73595208.1066792,76051815.56438796,0.0,49755835.00234986,62298544.91192554,72139126.64050074,74425836.57877222,82374817.47573307
2017,동작구,31019,44401728.2371314,44159217.1735458,43573426.08557211,42578253.132420674,43764809.64972669,42059560.47537488,42578516.13601494,43512896.59566534,43979477.66922459,40521499.84995909,0.0,0.0,36728813.45917017,39989799.52939522,43239560.67196734,48741224.41837806,42251585.50684015,39470110.658448845,24172761.82446632,31869401.252659958,40361289.83888274,43263550.477108486,44482443.47625282,46941494.83100887
2017,마포구,60361,81763186.72372532,82879378.7953926,84653398.56849633,69924888.61745703,87533089.74849127,71634644.10033903,81328826.47517452,74917577.10813676,75190560.97408757,76160936.93597218,75532736.3389807,65357293.534917526,56334364.812732115,61722604.86974376,76860714.03700382,87080812.72294821,77113926.92493933,69029754.49840762,31805652.289919116,53070684.13060942,69455784.01723453,76543353.47818658,74793139.28865245,82135843.13752149
2017,서대문구,29390,51976449.053635605,49806892.140114516,53327317.66984485,45623789.90926573,47000082.58589239,48381374.37301778,45367500.72879316,51667573.924304694,52719897.77344056,48241206.02201704,0.0,0.0,0.0,44582287.892408095,48350125.23968639,54378015.72891786,51582311.57839843,42229621.97324407,21090455.96784638,31581105.013055302,42266992.42346608,48547600.04967016,50960978.84454321,55050663.755151205
2017,서초구,54772,79838676.062412,79629640.75516549,73261948.34306903,69981816.07573296,80521799.66685289,74180556.28635134,73252336.61324008,80111845.21021263,71710971.5638477,66339962.24426423,84798264.64088312,0.0,56262092.54522304,67791791.14312455,77694058.4599199,105455392.71393324,70687645.2631439,66854243.00184691,0.0,45957709.96064686,68941666.70846206,68287277.18478416,72817717.914833,83822255.7026573
2017,성동구,25314,80824865.96090911,81398988.76921712,55705429.38841106,58160822.67556746,58222865.58309992,58639915.99743933,60509055.36051264,72415748.846339,52602465.007790655,53668190.959043056,48620011.56274723,52738399.616804324,66836199.68512131,69036612.53152971,58101574.68282213,58314381.34252931,59787524.8761774,62487930.451447815,19879986.798949294,32559854.2484719,42026442.22463463,59456133.07216013,63368020.56504283,59142548.17592954
2017,성북구,29581,75299475.9504774,69751810.74173655,67092678.964525834,69331936.35912068,62492185.38842324,58040884.672344565,59597606.291778065,61320620.25468669,67347534.64893389,0.0,49028597.39975009,54564034.01970358,61518854.891057625,0.0,60312984.84956718,63707673.40287728,71629847.46460587,57782583.76030834,27519688.90121198,40868351.20387603,54742494.3065753,68640537.18980941,65538035.429362826,64540555.22291806
2017,송파구,50787,87886517.53499816,90208461.91907549,0.0,69994647.80849956,86475154.75564946,79925523.6454066,82748026.35654603,82560961.45939024,0.0,65548660.222189836,0.0,0.0,63192494.56634629,72482427.6882362,76248324.23434906,82866463.79646467,76342636.50159325,73031263.10760748,30146318.1213202,49049171.475587614,60923869.50360975,80000400.46630202,77754521.37684529,83253106.49087602
2017,양천구,27081,68121152.04357764,68682583.2795459,51697556.49123969,57199246.20969439,52417043.62237383,51374984.18903443,53523878.68805978,62177748.237854324,48323286.30703025,0.0,47545138.17903454,0.0,52661004.63342466,56308048.64031145,48893146.619026005,50573566.65445015,64143749.74532743,50952707.79330383,0.0,38682549.41569164,51561990.751223326,59163826.76526131,48110448.27940479,53319271.45923904
2017,영등포구,45696,85150847.14620022,85657496.64216883,74142394.4207129,82087874.88986245,85178917.95437655,78440991.5743696,75554479.12294236,75775152.64590657,74444681.85767606,66802524.59650809,0.0,0.0,67458946.40500116,80285917.92205846,85387524.18461989,84071507.47318003,72796815.65243392,70159151.02832605,0.0,49354229.33595675,62097175.31549254,75901629.66896369,76275699.42198616,73584252.62114088
2017,용산구,36781,62825620.0891884,64786879.91712817,55114225.68553957,56509872.54205516,62323714.681065105,56333828.578563325,60004514.808743715,60718439.68690871,55892371.12901028,50960561.753794566,58246106.059738964,51689201.20049861,46187995.229185164,54821798.811986506,61640339.412392445,71089232.37429544,57406831.79123188,52023725.35529361,25405094.898057107,38336457.39497188,47521873.10783935,55303572.6480504,58899807.193286054,66065840.65872798
2017,은평구,28386,72974337.76061636,73661628.23037635,60944695.47755177,73903260.19568907,70967726.12242047,66083084.00932099,67853453.8295218,67422031.92235503,61335920.33812792,58177586.97296519,45214274.460234806,56266949.48127503,55971918.47879032,67417826.25873661,76705144.73472874,0.0,62879162.96150808,65308160.333281696,28714813.127982046,45140075.591473185,63227077.58295875,62140598.200761676,67876191.41641615,64939614.09185299
2017,종로구,56316,68709823.8951339,69760143.1722143,59031477.384907454,65838014.749993525,63733358.08845158,65218383.27753573,61475480.16578956,71269356.85976596,60209130.28691988,50464812.06572396,61747290.768216975,52560900.541419655,53343536.96649844,60847607.329545245,66589795.37212486,80996674.01637037,59607836.75918363,55889544.73434892,24040492.658558927,39651475.96573451,57847607.84291099,56023821.430922404,63285439.19866133,65304830.05142133
2017,중구,58795,72771765.8310017,72012585.88081075,64828925.899128504,66433108.48707045,69457981.00620483,67512639.61522083,65411164.469672844,68384572.24111013,64849538.730325334,56124045.71291734,0.0,0.0,52258869.99315804,65148094.8615267,70330659.17947225,87312364.49590103,62447010.35541195,60779963.14454864,26530844.29917997,40105920.78511118,54854159.81591183,67003518.88272506,69126054.4893593,69023691.53613271
2017,중랑구,27864,54442496.531294145,54070590.55381473,51005073.1089575,49875030.24169462,50863591.66560952,51174239.83529987,52510450.582969666,51593232.98311019,51839183.596384436,46477566.43360625,0.0,38277418.89441848,44338480.40574432,50645057.97451588,50040859.685378335,52299653.20093419,50255316.42583371,50216830.83403844,0.0,38982807.72106364,48494573.90862781,51837844.6061473,52894686.88252476,51706370.409156054
2018,강남구,81571,128684264.78171617,127838616.06751946,128722796.04841033,115066241.1961404,123829264.22924401,123347591.35002387,128191335.23229924,121156761.21424516,127307221.34346542,126284953.2494688,0.0,90404323.26901558,79859960.55129544,118584104.05695067,132171477.46483085,178251488.9234095,115878962.67656809,97357732.50333007,0.0,74012083.35647441,93769628.61875367,122196592.36128461,120778816.98031545,132588358.63032575
2018,강동구,33663,68837684.90877803,68591202.21563995,59974481.68814504,56185522.26441463,66734268.28580841,59755536.79496412,61813910.08804523,68098997.69688225,60843635.8236726,50819993.17433787,0.0,0.0,62585400.8760915,62522053.84534363,58686820.31846378,61141597.41811212,56395829.912549764,61679794.580306634,0.0,45702382.45638665,50811572.03837722,54875072.344983995,0.0,57308096.78861769
2018,강북구,23503,56904545.54234259,56485061.9960642,47648110.90942054,46456599.07764385,46850154.18199966,55199482.74176314,49078125.46539853,53909718.32017379,47559657.383165404,44534432.218869455,32180133.81424283,0.0,43791931.62876051,53037409.39164129,52058273.03218465,46403642.42810849,51620610.98318763,55083094.76757116,0.0,33972664.54803622,47985735.43629698,55001316.41420386,50566632.26982419,47573628.32514877
2018,강서구,33934,63683914.54076102,63403627.038941644,59596994.15003121,57477755.72101867,59603158.244229205,63657549.092897914,62930641.42808942,59598796.97362856,59905345.98811987,56569749.75746538,0.0,0.0,48731354.63298177,54854524.6702854,59513147.68771773,69882514.92562397,58346680.50863148,55351883.68880439,27854694.70285371,45904778.31760707,52549409.954013616,56314019.059369035,62101917.79058955,62217639.83878607
2018,관악구,33625,59602271.76296964,59319690.9032858,55571855.54319155,55413350.62489577,54252436.80526268,56233655.55859051,57855724.792328924,61531858.72176202,55784258.53183048,51762607.21286604,41648009.2174305,44997096.325988606,50261562.02135881,55978417.036041215,55971216.11188841,60131718.082172014,58571407.083498135,54721428.31765141,28437161.823446922,41718176.304254025,49461552.19099833,57888862.886445194,58641726.50190658,62573170.97624183
2018,광진구,31822,69165341.41234928,67679506.09260514,69810202.6108923,65360349.028483,66025791.805084355,66787665.47859918,63974019.698596,69506031.03124776,69819054.2574593,52740847.53981747,47379789.440534286,0.0,0.0,76573812.26451544,60202407.797116674,61703963.11130908,76351528.6632031,57360913.94664891,26101437.66066737,52134457.191606365,49641387.52844526,58690761.052891344,84856162.81126784,59323650.60224265
2018,구로구,32809,65907556.91449865,63226471.4268545,59849148.27765226,54484298.03680601,60413255.63304329,65962959.686157875,60107148.82201621,57829902.81877473,60119851.68334002,50632656.7164443,48304844.93685896,47144248.82480984,54236370.77359891,0.0,58575599.6590889,57895680.09064347,59140302.97078545,54829301.23639941,0.0,38320085.06923729,51275322.52403449,54378849.118055664,62320192.68148254,0.0
2018,금천구,26806,74587622.48783669,75789859.53324565,42883097.61991678,44333303.91962752,73377945.56789714,64484610.460647136,59187897.852886565,69964104.11341244,42689870.73922567,41692997.81427611,0.0,0.0,59719011.8652719,74015154.36978397,62825524.2362959,52283850.464856625,65783215.445729025,62282742.43292511,19105429.345083535,29551137.501283027,61724860.02762332,66006721.30854768,59407778.35047301,53628121.595348924
2018,노원구,23728,40052194.14013925,39758561.746998996,35963494.62138804,32376060.160573103,32937454.488000985,33169806.808986206,38458212.93668889,40474084.38139459,36574187.5556816,31883272.195088256,28414720.61187316,33462244.209082875,35380505.093861,31013859.315581243,33448753.815412242,36392863.43122485,39621328.660462946,31782813.30144428,0.0,29949928.07701678,31683130.453467686,34173809.91832632,37314268.220785305,35605438.314053476
2018,도봉구,19267,39206060.70994185,38765789.138240255,38550036.16746425,34276445.23934799,37371875.45874197,38259147.647906415,38711232.75291774,37549878.541992255,39280597.136494815,35922905.9512056,26576290.432827555,35660010.76484896,35144642.37700342,35873948.02889521,36875405.178189464,36909763.16620673,37645837.86110671,36994006.01453742,18587262.951733492,26452115.911102016,36316599.77461129,37114881.52608574,38936929.19224677,37380619.52592123
2018,동대문구,33827,84557420.61927809,83773835.7482522,0.0,74612277.40377322,87436744.21960622,69951781.13587,74848984.08244747,74717428.09550022,0.0,0.0,62808585.239067845,81685070.65450771,66861997.0908304,71881942.57333495,77036773.27631988,0.0,70349496.00431074,72339453.2314755,26250429.85398827,50774465.78546263,60771758.70187306,69192880.36294109,74424440.56756128,86436203.31068225
2018,동작구,29682,44834100.53928724,44539394.31664701,44978800.65602173,42698404.19381257,43940256.15762783,44239133.9012077,44267881.7103389,46498606.77902868,46109981.11581383,41185320.295507796,0.0,39283283.233690165,41151482.82710445,40478529.88645679,44331730.051003985,50184682.78568137,42891152.47652191,40277070.72859013,0.0,32681811.066131916,39541625.23777634,43748850.84838983,47958700.44581338,46657240.55109958
2018,마포구,57606,80356369.21026862,78584704.04565151,79760579.21792512,69800190.36237343,76164756.34388915,75465866.8418677,72521371.88613392,80059905.35164298,80539353.10544612,66563593.63055941,0.0,68368565.56970343,55844993.71638924,64425477.90473965,76109836.79695818,91003069.37281433,76511915.9357462,64227478.11829457,31845039.937088754,53353565.47646544,65171980.8227014,75038142.59082933,75510207.34890123,76386808.60992178
2018,서대문구,27690,48670702.75873171,48208681.32851444,49813159.99431159,45330158.90938206,46578186.49359661,48352817.73771466,46895894.2435244,49393851.29973695,49748416.6111124,46074404.069371894,0.0,0.0,40483901.04594567,41964188.23723245,47206309.802274,56167339.07146067,45401119.74957261,43382287.02938481,20746886.675604254,32553457.845261928,41125755.18592243,50101803.54681056,46501142.543829665,51467630.68626114
2018,서초구,52726,82352559.24321559,82526007.8952544,78576953.88813968,0.0,73641721.23917268,77855551.84350237,77650024.47803275,77390770.96406981,78450521.40562221,64691214.6243586,0.0,65800829.16318691,0.0,0.0,80492132.44598295,93270286.87912084,73040419.88416687,62283572.40333311,0.0,44602757.75424036,64310731.78662274,66239754.19300415,77969734.74383569,77502405.72663738
2018,성동구,24529,64364263.162227415,65447465.9645233,50910444.03055044,63896879.04082697,54452677.69492404,57717896.864225455,58449999.64911238,61078949.9392313,49982028.498795725,57417944.41724624,48155375.672102965,0.0,54405833.0671459,54263784.729207344,53918543.85445471,72333636.53724335,56294419.36344922,54843227.6817622,20848528.423335854,33643014.6946549,47081894.43969149,55679493.010501765,55449124.75577299,59035111.95064216
2018,성북구,28029,77738543.00317463,76851921.60792498,61282223.550142236,60328277.38400703,65991345.378645875,59648325.48096521,66304032.55345876,70616781.80352245,57757112.077239044,57873454.27292628,0.0,57134942.40841689,63850242.90117928,64688314.81123575,66616178.20154023,61947193.99604756,77056793.2905105,62485125.521093816,28143339.92868366,40723604.47163923,67788283.89783429,69899275.92273718,58797544.62038088,66484094.93373642
2018,송파구,49296,105548815.6963819,109229853.4148598,70975582.8056548,87253603.37955835,87559438.8910204,94246578.96202348,102696491.62802552,88469175.6252952,71436085.29376233,63137693.85212119,89224479.51766011,91918027.7088374,67063464.240093306,80734719.80688113,92809680.39204036,87941779.03240646,81928323.61790606,84206918.60470477,31082491.86054614,49549516.71214544,69470882.32150027,79768440.31454447,75286849.0745304,80102850.3446307
2018,양천구,25375,60491019.29675242,59902440.3626001,52717701.88220633,49017571.3521242,54985734.43962665,53802124.8421947,52053136.6330077,53519656.30254446,53035742.0650134,43285294.41386384,45324693.654593974,0.0,51816040.695484474,48714815.26704177,47361644.0939303,54777830.83786582,59340915.300912306,47374425.125501275,0.0,38131035.70980119,44423369.185644336,53792554.434245564,58018295.90535141,50388454.811045796
2018,영등포구,44285,96838958.79891224,96273531.0391292,78402334.17475455,81019420.10258403,86808899.52365161,90083173.80371784,83677149.03397761,84098261.52224872,78211036.80473755,70235237.20297891,0.0,0.0,73573967.33540732,84108924.26052275,86386282.16569762,84886745.68634064,81365792.59150697,85817073.84255596,29579708.818325873,53566635.26364416,65710376.21389207,88794301.72592047,83369452.57415341,85352011.50463685
2018,용산구,35224,70538509.20838831,72998822.15832286,57672592.00822599,60886491.13597374,63412465.67317916,62488348.79159979,61215478.12152464,62536236.95779936,58928659.1091604,52258296.90004625,0.0,0.0,52408047.08220759,52302148.97299747,65536647.2276336,96695830.62787612,64223031.98216031,52628658.610779464,26030378.506627254,39144755.403137155,50168041.64062802,63301431.872941576,64334516.972013354,60925620.932348184
2018,은평구,26509,83917579.57178763,83901772.01451124,68042770.42862101,74685412.5496595,80418234.59992236,72138025.19821574,71124083.46395585,80157735.07194321,65430547.20999666,61475703.119186066,58023674.356993444,68104450.25339642,71417607.90112367,63667979.07201438,0.0,62541864.819345646,72170779.79704385,72841566.75911297,29008650.167235885,46855270.077574216,61471629.776728705,69792968.47516543,71610345.60077551,74528615.59554958
2018,종로구,55405,69014669.87644458,69038124.90411198,65736659.69993875,61482935.52428522,64841917.7772298,65607858.324926056,66372078.39859965,68315954.18112975,63921509.18303631,53348109.221888736,65592341.77365723,57611327.37336949,55386877.20139815,57397268.827787995,65987634.527003914,0.0,60722160.48056461,55405897.968266495,0.0,38074124.35016108,56436917.68993313,53759013.76575918,63493078.07103536,64222299.92114398
2018,중구,57380,84737519.31333378,0.0,0.0,0.0,0.0,0.0,70234932.39735898,0.0,0.0,0.0,0.0,0.0,0.0,0.0,0.0,0.0,65357861.288307354,62334670.554134354,25947087.184690155,0.0,0.0,0.0,73456771.21943201,0.0
2018,중랑구,26217,57934513.02245075,56259614.930904515,52647118.04466969,53168428.33350465,50978932.63589208,53177053.905007735,51021950.11389683,57352867.123519436,53432962.68030846,48422869.00433912,0.0,43926418.17942286,45911355.717154905,53470502.47561812,52101010.53720569,50395084.9381678,50107500.47702104,51373750.72870993,0.0,39769602.88760138,45995402.409446746,51910152.28120794,53096243.77458904,52419051.91402417
2019,강남구,92333,131659888.63315201,132597156.82116288,119849158.83356026,109213616.34585439,127787906.0713255,115922253.8842956,117258763.09326628,111655584.46185455,121726096.40733142,106777781.48647772,127125756.80294016,64877664.91462474,73682731.08270523,92724997.1314883,131433309.02779521,168027658.95691702,118543016.36441635,96492706.46282345,38504033.29555772,70363824.23749493,92609650.31076518,117634967.66525154,118960069.78538948,115512931.78440544
2019,강동구,38588,68604978.43092167,67705409.45811725,53840704.61290666,53048430.26393269,63610062.922272146,54900808.06868751,53335194.87448448,53169231.99074455,54343230.0581233,45639518.3531653,36505439.95983333,50033112.182763815,49510012.93021356,50526316.78811893,50259582.29113103,52924631.00289874,59236330.867973045,55128643.166099206,22097896.41824597,39565712.967766464,44982211.727371626,55240694.56180099,50199576.844194815,62525177.28135997
2019,강북구,26718,47929787.47858826,47596006.69780782,45043213.95138148,43152436.09523899,43650324.766478896,46290359.54783658,42179182.319552235,45372272.97745932,44421782.22489333,41369974.36239163,0.0,44332890.599983834,38947179.21012638,45363796.169124134,52289630.66096643,41732703.30584824,49354627.74782532,42429049.00495399,17434997.97869722,32720872.504167594,38924223.87965085,42600295.08749667,43830344.822338894,44697890.46861897
2019,강서구,39656,56355110.80231032,56609161.45492788,52789666.72177672,52610453.75982855,55469456.76534029,55225376.25915488,56385040.36083546,55166860.78971033,52728034.82808647,47950413.25379641,42063719.67377804,40211571.30414414,43042198.51927548,48389245.5476483,53478938.19966473,59677667.47429804,51747499.670831606,51509999.7517436,23827084.63719794,39560377.00801603,48529015.55698679,51415893.723284066,52770882.22514693,55181449.81109099
2019,관악구,38614,52643253.334477,52124065.975251235,50411020.87498924,48036212.01680006,51570946.301651314,49217938.642244436,49452488.016399324,53766968.593054265,49369130.00482858,48390487.82674273,36284515.14086979,33765829.623950236,44330562.40622177,46032087.951726735,48581320.488965,48591839.34748479,49213245.91179757,50210482.87211015,23410119.64747626,36541896.7316129,46836459.83173854,50696566.340351164,52516841.50928279,54925933.577612534
2019,광진구,37268,52870229.27465037,52048136.35613004,51818710.67856798,45740203.5665447,51998058.30169325,52224868.46698024,49959940.65450668,50587306.03313439,53225367.029395774,46308420.52279275,37994875.0053781,33291509.045366645,37721788.88308465,46578362.946232274,52085421.36534427,57326025.26081157,49251405.925593145,51739153.741436355,22137109.61949359,38462921.46388657,48173245.13780815,53061124.5977198,54884159.283146225,50930220.44765912
2019,구로구,39057,52535898.48011026,52199866.2179752,50552271.78105557,48782721.90126031,49203896.5377968,50020783.712796845,53050576.09515979,51052254.6089966,50207111.26969106,47612245.61979277,42663787.04194871,37601861.4100347,42548395.382933415,50697852.41806976,50142332.86223002,52377199.00350039,51367013.61711882,49596424.95522712,0.0,34760728.28491318,43857432.609236695,48039979.90478694,51283769.42556127,0.0
2019,금천구,32304,48444782.102266185,48593545.021557756,37985450.74510688,42414434.96570891,46359784.97138025,42195862.044483356,38059951.3452965,44793208.10194523,37971528.524042204,34435085.78307149,28967063.40958231,0.0,34077764.60260974,40119478.43556143,39020093.09958473,41113608.21131427,45850473.59155869,37131797.529078804,15117225.313924938,26485189.273254003,37989285.50791606,45047755.78509863,43381325.43195925,39622965.17734159
2019,노원구,28069,41278373.423475675,40759833.292155854,33911371.829876006,34292015.570731044,35212992.99923708,34593306.348289296,35324005.93004718,35164240.11658474,34364307.365550816,30010734.879421644,25349422.89419283,22748738.105429005,35509846.754255675,32340307.75896551,33639082.44055569,32525252.283517968,39408036.75582409,38215548.72419213,15356178.869158452,36677892.12612095,30073083.437472995,34919102.24638346,38836031.12603357,33252068.090988174
2019,도봉구,21892,38740266.736386664,39392909.26560858,34602487.93041197,34713875.938612156,38211922.045018815,33074567.942682825,36213826.46031896,36940271.9443997,35029244.80697936,31300074.94619879,24511000.561791576,28073105.500276536,32475899.636575773,35148488.28703192,35353831.06500063,35348348.56465602,36003831.33879822,36645796.98622436,15980784.943284715,25280657.895378925,35947745.92521952,35587245.00820641,34286446.64251931,38603942.08779467
2019,동대문구,39342,65930612.77059367,65157851.786173366,58427622.172696024,58157611.62304087,60054027.958631575,61464373.7739703,59777527.85658078,62216998.64274527,59022405.755956076,49263224.72678536,48342656.359590486,52152810.59489159,50669612.26902108,58928484.803137675,59380926.4135476,54526733.69018691,59958121.84683758,59120732.35650613,21213037.50660807,43243361.35312119,51647544.41655697,59010573.94695017,57509829.57125359,61205187.32327846
2019,동작구,35221,47667733.59153568,47223413.35088696,44697382.314854726,42491939.56681716,42287285.89602528,43342607.24564961,44877903.87272596,44724164.09377385,43535268.46239779,43690441.192597374,36121130.84750553,28192415.881146796,37901259.8201137,43442035.10342768,49532298.43551079,46163161.842193656,47978177.36913227,39697415.608328715,0.0,31555785.849977136,39413674.10890271,42411093.124382846,42810047.508802816,45911752.774952404
2019,마포구,66136,71375275.43544352,69990363.98480074,74159906.4282619,66957012.393311754,68419945.59421083,67045817.825368546,68988156.51208852,70751721.98993625,74569140.62080546,64016209.109016664,63474586.99670624,47643522.372895755,50602613.54282643,54004105.93662339,71159386.65636607,83579611.37105611,68557935.76063132,62577467.09138135,28553087.01600181,53622493.97956152,63531088.2004355,68273229.18917035,67688802.30854456,67079512.59967945
2019,서대문구,31274,54397397.09213735,54046540.80154415,47837242.273382895,43904095.46474375,44391616.46028836,54139013.10879951,46602965.31560897,45609364.059648536,46969753.590408266,41621021.06496852,34572716.6574344,36330150.58712261,36036309.15365777,46146048.79353436,47522289.03575624,51844886.955512635,52181632.085064344,44696620.39858128,18296407.24824026,30216493.165851522,39484906.707748145,46941886.88541769,54051637.85478574,45651808.5226829
2019,서초구,61778,115932846.9233669,116753597.09413154,62838656.71945864,90092263.51466668,90116182.85604128,85939950.0320317,70977685.38335323,65001036.93556482,62258227.051124506,52223337.45171388,0.0,45393300.031207785,73588838.89724088,78726139.84054272,93372833.01265454,87159119.5563649,109930390.03960218,54736260.05775388,21270833.78181405,41625760.68297368,53838451.863726094,132652055.72718175,62471853.135911785,64805679.13934748
2019,성동구,27616,57772333.19589262,58066496.65775791,41667652.95572918,66350571.013581395,63135416.68401799,44693169.27730801,61233740.68955452,43930887.0391368,41782787.655790456,35868019.111942634,32106630.42184178,39387049.93618682,0.0,47006562.58109484,57771622.91306658,48611676.51647959,72418331.07484475,40631581.26470422,16533968.985660415,29867968.27923897,43194380.62745542,40903425.72699068,65728023.67301086,43625231.499765575
2019,성북구,31106,63145523.77711209,62119946.04388159,54160487.30310052,51575065.50390274,50680785.878319666,50748170.51643456,55197852.170931704,53057652.18288204,54443503.146697275,49681037.278323315,0.0,43078643.84014137,48704910.893298976,42712575.80947351,49102306.5224246,55065401.93194937,49624064.757506646,59900355.545855746,22631540.83017567,36617353.32802674,50624936.58908156,51605879.0738959,51598348.50704287,57406887.062515944
2019,송파구,57892,68565345.72515897,67774288.02834594,66161496.781840324,60940510.42963011,63784039.90549969,64273990.90129162,65208742.26763039,65158810.31407303,66645757.39315929,59181700.415845744,56513035.64992461,49063691.81531934,52270684.68409977,58301428.95747543,66824404.63370283,75065043.23534323,64779145.54414206,58661295.24972395,26674944.728219762,46848193.62907575,58411035.26188585,70104684.28253977,64628228.57901239,66951940.53075045
2019,양천구,28900,53014228.96740302,52032000.71357957,51337657.436636925,44963171.98187564,47586515.39029329,48292641.04644442,48241913.6605861,45267560.71968182,48841838.434208505,44491339.98702649,0.0,40833944.66860912,40642866.39740517,42589089.47560805,48672839.30073066,47505323.7151759,49136474.76074641,48507971.94800102,0.0,38315249.86196905,47334339.54808732,46159076.34556554,47803542.93906461,48546606.53129199
2019,영등포구,52425,68935277.24242006,68234370.36837228,68062627.19447644,62774258.07105705,63993058.39465509,64264827.01124689,63320047.07039246,63460224.65337107,67918410.02749778,57917976.69259211,65437363.1589294,47635358.58916723,49329115.990793586,63159003.50777638,70892141.11052896,74740205.27549125,66852912.30252873,61808086.2141271,23132333.909619004,44544279.941241905,61629137.34422381,64946399.988501735,66991729.582039684,66101145.63152732
2019,용산구,39484,65091177.120138906,66159632.64345458,56144069.16394816,55561625.499685824,64634702.30533886,59821696.3294207,57754555.45494833,58889715.28262312,55447575.87081996,50565849.62082576,0.0,0.0,43342549.49537651,54014137.073436245,62243900.83592685,67398438.0832426,55788710.52764719,53567726.10176857,22168362.71750654,39320007.81526186,46918862.0764611,52031445.37866161,66645780.49475178,57181547.13315684
2019,은평구,29482,66079468.190391466,65653553.74381749,54773880.31858005,56930036.5552468,66618437.12095436,58569903.80081324,57526622.6682419,59283909.66227651,54867531.71015762,50077620.739469945,36296797.27982042,51329520.116176605,47712590.32480689,58089081.08019699,56846866.214688055,56923775.965930596,55122554.61682933,61114433.36038272,24473774.718483847,40694878.818732284,55771282.177716605,53943884.300631076,56207153.29152858,59923494.12886116
2019,종로구,66376,64110013.14935234,64864696.05304775,55023495.946153656,54485490.84411249,55926214.89267994,59317892.11986246,62570616.15366786,56251580.54674441,55210162.62608384,46751977.34188961,54291169.323533826,39045067.54626373,45831643.60527897,54947216.520158954,59593986.06512434,77994732.52051963,52183174.25289016,58662169.74330957,20626472.190466117,40936309.214466654,46607657.36785926,50970904.40805658,60340121.375631645,60713414.406369895
2019,중구,67031,81104408.35884124,75478087.5303886,0.0,72027756.93175095,64306816.36603101,0.0,0.0,64867116.765249416,0.0,0.0,55195950.83580038,0.0,48244539.73646539,0.0,79658563.92041296,0.0,76277076.72713041,58664723.25565335,0.0,44182814.75858043,0.0,0.0,0.0,0.0
2019,중랑구,29617,53003607.19884064,52449349.57352914,49326556.200781114,50011125.609114,47789502.35780436,49097521.072308294,47177054.73878685,51147386.96347701,48157130.454828426,46289211.04079932,32730600.726883832,37295439.11669032,43825894.84081258,49101362.438205145,45531536.09476355,47545092.0565187,48294061.32715873,47259055.38737284,19695497.43663152,36557679.739433765,43906180.53868367,48772802.64718225,48658434.533735126,49617488.61741708
2020,강남구,95104,131249353.0109508,132488974.69685048,118641269.98216331,111839717.9514827,114993815.04168546,120637990.91828464,130235103.17502065,121506143.29152173,120317569.19653274,103146085.60573632,130685936.36355206,68319662.05338243,78427686.2034803,104883507.05648738,140317855.65421712,172078457.54493004,124010234.58900146,105213963.28255008,38552918.832746804,76032581.65447132,98588925.59942853,115913763.5196124,122880551.2461332,128382848.95469286
2020,강동구,39329,66450776.37215351,65452467.47459001,60128668.689881705,55344703.28331306,54521783.9701752,56055949.20121901,57442669.48937526,56869852.02582171,60419046.56491907,43439919.479432225,37370963.50131657,52837511.393405065,42227376.62431501,56839053.27143942,52114496.55978512,52977176.327597655,55064620.18039917,58418985.89274036,23766494.720393382,38969977.00897021,51355262.8164291,51005439.31592317,49029775.21396281,65781161.96449635
2020,강북구,27056,52911047.95867783,52317376.56498143,46939290.02317501,45895044.08956406,47784078.47013056,44040155.38700999,47288223.59537254,47836715.81772341,46268477.02927997,39549759.283990644,0.0,36855540.85036486,43096174.49819842,50041404.62403073,46854034.730001144,39730944.21841624,48632051.117892064,48264497.11068045,0.0,34144492.571887136,39038187.88462606,45523204.13661443,46569697.30808643,48293754.79586153
2020,강서구,40479,61870777.59606275,61801369.932309635,55901047.77257723,55689391.59765182,57507783.971062966,54963846.18566775,57338574.40092091,59348243.43723237,55854042.93733936,47416237.38155936,41393826.29402315,52246910.15904158,48217177.76101485,51062481.36842408,57322613.33192318,56644958.43995669,55480082.14330494,54563679.028980486,23314617.346785914,42484580.87899825,51931985.015751526,55617643.35258801,55910283.878318466,55330583.018731214
2020,관악구,38710,58749138.11514553,58287700.54504776,53614079.45522693,51521290.16487583,50918175.98894402,50969084.48347557,49479878.706291154,53007180.321324505,50373427.5340837,48460423.96759876,34275967.35064288,40487557.77449036,44388630.12710143,48906557.50545634,48174287.3562238,48441717.43870924,49424353.16357527,53359780.65687641,22802222.635658395,35927823.438200094,42380266.417774454,48918458.208499424,56585095.26546934,56246488.8940754
2020,광진구,37569,55957535.00155847,56466524.58058236,49285643.00466566,47594241.071465895,0.0,48965919.04146955,51762678.35841883,54274366.75292046,49784827.68253691,43904165.2409551,38953662.54408451,33962754.81317546,46556470.30737753,0.0,48948552.432424754,52006295.08581233,52528303.06912972,47935105.15671696,0.0,36287896.82967188,46171885.709428765,51598659.27746784,50737587.76736528,54328740.00889169
2020,구로구,38335,51469541.61530044,50596979.936836384,47732608.92021747,47109950.45915548,47906425.66774152,49074699.748940155,48195654.12227881,49596190.550084285,46689290.972484894,43453929.90141393,39346571.08586676,35018020.51621915,40358554.09408018,48545356.67893945,46940155.28808826,50677417.895143054,48450300.4129993,48944544.16046604,18748342.98119981,34164158.23756877,44370977.76518494,46827057.61983306,46113681.3862149,51200161.71869523
2020,금천구,34056,67845613.9187059,68749631.29001251,44155659.97057008,44720157.946540296,59835017.45406518,59413472.377367154,60881644.44093456,44136140.18572507,44241959.922344305,35181178.30646741,27382907.295280777,65559854.0063022,45647619.36188598,41223981.43878146,41082323.50633799,46977630.88803312,66840313.70425305,51208432.311478235,0.0,26434216.056116287,46920929.78668997,42601578.50442469,63576591.207802154,45501989.53620102
2020,노원구,28192,50395223.8618487,49650153.66288797,32749086.070491284,44526612.5403934,40059363.03781663,40486009.842878595,43200091.063898735,37881857.726379886,32845927.032236505,28638763.285674132,23486568.4492943,24889901.34191167,41790565.67449247,52480321.87444066,36136204.86428514,32378971.136584394,42250032.38009115,49263519.99622389,14865583.473452136,39975249.22259299,27142130.63026816,43011085.3559188,47649725.27605355,49579417.861663125
2020,도봉구,22075,45682479.15875411,45030008.19250576,35401195.23750079,39762473.721328504,41137722.43480563,38908084.96836639,42808841.10045951,48186219.39562573,35334499.54973466,32531984.19745733,21665003.97933754,29358974.55141303,42563236.202121444,41725189.58504882,34820018.93219963,34427448.334144704,48088713.88939513,40136794.955836944,15815435.199213712,25168073.718802877,32826519.475140568,45528533.29611534,36450790.08769833,43094059.87151884
2020,동대문구,39994,78528022.50278716,78595035.93227935,61940346.96256263,72154142.615334,69238349.69847132,66057808.60679307,63400539.8967686,70783989.88902026,61805108.18094937,53501820.09742409,52810612.643553376,59909610.07618129,61401043.165738314,63624538.78908297,64684724.981484085,53661027.01451465,65661610.607904606,72369924.11401297,21085792.012341075,48916327.99831426,59345389.151829146,66866806.19852459,70969199.72442894,66193083.003382206
2020,동작구,35962,72330078.9773379,80551396.73952222,43944229.97718445,40682817.383499414,44466548.3022702,64456306.604126036,43264034.88736495,64209700.68293621,43672144.78165359,0.0,0.0,26653721.037452977,58432626.98195731,0.0,45460424.76152122,46655642.78319897,44581545.07014832,51029304.583955444,0.0,33202930.087649617,38932996.2346903,56925238.645504154,41469303.749421135,0.0
2020,마포구,66428,77738640.13136247,78253898.66958995,70432051.21754633,66829029.39310593,74963794.32673801,76760535.66144657,74589240.28659225,77540186.70919122,70737646.9001362,60028304.65642344,68385220.14248537,42167579.227292545,57113360.13109015,58667555.95068736,74907946.98984103,88070285.75545125,75961351.92508677,68555241.82251795,28526793.61532706,57017297.80370663,64462694.82119117,77717430.10356554,67564532.23649374,70044454.99255934
2020,서대문구,30460,52868525.932319984,52357590.97137991,45642709.343241274,43380542.73522215,42240269.26373915,51003692.271928124,45204163.84036984,42922893.60994948,45748484.97543078,38619417.903869145,42008605.98962541,24166542.00994735,38370814.30406726,38658991.11038987,45795472.967019275,53477338.18648063,50609536.77652021,41948372.77158093,17701280.125211902,31568344.346660018,39251786.27632438,43153710.35978777,50599962.762430795,49783417.34509098
2020,서초구,62081,100092793.02625464,104782859.66683455,65524956.24703861,67449217.60823259,94096714.04486199,68786819.37410721,67060721.13705635,76408086.72396035,65189175.0645998,53422006.72811789,56879145.63947835,43101814.631902985,74374172.12435997,66255949.27937938,92087153.79343036,87911366.98396066,93162275.68589863,63037295.74264725,22425522.284675043,46070898.94828133,63928434.23662926,96655767.1915774,66230260.478374556,73801656.34478857
2020,성동구,28235,67354790.15708512,70626220.88295966,48947947.769763544,54537717.190477364,60231617.549259655,50056614.594789565,52288441.90499996,52050791.99429417,48130559.99410561,36163266.1291461,31436944.129698444,36602195.402357414,47637503.28711109,56281178.52197784,46915763.847970694,50249417.79464493,64589971.9999576,58367447.857119754,16578400.042271605,32912888.3402023,46400292.59500513,48967823.745321535,56601689.141532674,65077304.59489832
2020,성북구,29712,64650718.469521865,63769654.545435295,60740965.79736683,54338750.4668314,55277053.24471091,54745041.73206419,55637671.10255911,60407859.27755936,59903833.57328389,47237621.81192866,37959705.38796359,48176283.212686785,45639916.93543976,46521838.874823235,54697876.52011471,58905996.993206605,60334929.30764962,53375575.68010847,22438718.254790142,41955629.80014317,49392803.10610126,55020764.05321299,57677788.42254865,56115780.307800956
2020,송파구,60891,100295153.3117222,108771209.76861045,69620096.36588517,69421465.9108275,91951824.40499936,71028108.9100874,81249450.50765052,78698000.61726183,70474540.00282046,56764306.808652036,63506917.406811774,77228684.62535352,63201198.44636189,80239512.36226617,69197363.17810482,75947361.30189751,89319398.86019881,66902637.98609554,26834641.666849423,51734019.873052746,69779400.08824652,66744373.80246213,75304653.68148321,81707880.64799672
2020,양천구,29108,59775737.40012532,59331780.41775326,53306255.77395357,46050745.84731212,53070881.99652708,52204947.074147806,53740775.417942576,54733021.58231888,53003864.64797786,40266837.980106354,38831938.654702894,44196243.97707,45779439.57047792,46416444.337736584,45895575.29652233,48032001.724580914,53076483.83897576,51650391.46660792,0.0,35873563.5568466,49051614.001726784,46875582.797346234,47362609.053060904,53135568.564647704
2020,영등포구,53428,80991685.94536741,79718932.44110812,72911558.06700137,75979466.73370822,69431105.03400454,72223550.50036241,71717676.88486122,68173272.2499777,71917146.27561457,61741148.745808385,63619205.562543936,46829995.458966635,55622857.600785114,73676473.6259561,72581907.78373535,82359213.8716258,73349541.34573855,70754596.96065432,0.0,47429091.68645412,56868042.79955916,63170789.79640109,71278116.64019608,82053877.22637752
2020,용산구,38272,57328899.45159237,56618317.00306628,54347756.52780786,51495707.51542481,53045846.03408649,56052232.20637349,54862592.06085566,55226607.079666905,54973532.15328587,48327199.01564129,46303532.83291625,33771006.426563114,41333766.32300278,48028373.21603785,56298664.334693834,67667941.42402564,49799726.31897737,47830544.25086968,23041970.79141017,38983910.56647886,46522643.32327747,49027035.42281569,56406088.02946462,55225469.12824539
2020,은평구,29698,71388177.03417233,71867088.83916521,54693439.34731438,59059015.051553406,64104891.14178353,57809779.59479009,59088476.16276026,63277928.26093906,55132902.59048029,46397046.09156479,37743822.33186062,40453682.4392748,60905783.22545582,68559425.79727723,51683520.820035145,52554051.94601801,66996740.24265608,52883372.60078536,24748449.64789989,42511068.193753995,56509426.93029896,69341358.5525776,61911488.344838634,51639409.309575535
2020,종로구,65769,62098568.20264691,61638325.2464768,52771603.27715508,50419500.5471281,61054325.14862654,54222705.00197634,58991968.26788326,58229615.87967532,52749423.4370904,44005979.08325599,41280270.67800869,40675126.322432,46658971.19964475,57701734.82948018,58101375.75395967,68516756.48115587,53295792.87805862,59106390.71165873,20550915.116278157,37918131.294008344,45541068.78043011,50654601.50077338,58824664.27094289,60557644.13354093
2020,중구,67909,76869078.5022304,73314646.3846434,0.0,0.0,0.0,0.0,0.0,0.0,0.0,0.0,51731873.155455135,51540210.61356693,50572742.911249496,0.0,78090730.77331859,0.0,73031150.57738672,63325507.03630569,23130515.085336104,0.0,0.0,0.0,0.0,0.0
2020,중랑구,30259,57599999.87988472,56331409.606088705,51140426.24322505,44901623.4469008,54457107.4640586,55607296.8655025,49614194.091761135,56671521.104521915,50841422.47662912,44714466.11343036,31911475.894020606,47560918.00020874,45587127.47454339,47825074.2876436,48159001.38486509,45821266.43994398,55675484.09083888,50577290.404640086,20278516.804717347,37546276.01393112,51261103.283730336,54975739.77077387,48581949.383931875,50995523.46598842
