자치구,인구,세대수,성비,년도,면적,가구수,one,출생건수,사망건수,혼인건수,이혼건수,인력수,차량수,1인세대수,면적대비1인세대,외국인비율,인구밀도,세대당인구,출생률,사망률,혼인률,이혼률,one비율,인구대비one,면적대비one
종로구,152737,72118,0.97,2016,23.91,60786,22835,846.0,823.0,760.0,260.0,120,67,34698.0,1451.1919698870763,0.0737357493049632,6387.996654119615,2.1178762583543636,5.53893293700937,5.3883472897857105,4.975873560433949,1.7022725338326667,0.3756621590497812,0.14950535888488053,955.0397323295692
중구,125249,59651,0.99,2016,9.96,51503,19671,959.0,669.0,799.0,249.0,150,72,28368.0,2848.192771084337,0.0848994296007205,12575.20080321285,2.099696568372701,7.656747758465138,5.34136001085837,6.379292449440714,1.988039824669259,0.38193891617964004,0.15705514614887145,1974.9999999999998
용산구,230241,106607,0.94,2016,21.87,90164,31641,1708.0,1137.0,1366.0,441.0,95,62,48131.0,2200.777320530407,0.069685273885974,10527.709190672153,2.15971746695808,7.4183138537445545,4.938303777346346,5.932913772959638,1.9153843146963399,0.35092719932567323,0.13742556712314488,1446.7764060356653
성동구,299259,128727,0.98,2016,16.86,116401,37074,2531.0,1304.0,1944.0,547.0,0,0,49318.0,2925.14827995255,0.0395590586044452,17749.64412811388,2.324757043976788,8.45755683204181,4.357429517575077,6.496045231722354,1.8278481181852508,0.3185024183641034,0.12388599841608773,2198.932384341637
광진구,357215,158390,0.96,2016,17.06,146196,53169,2767.0,1344.0,2285.0,649.0,0,0,65896.0,3862.6025791324737,0.0537178609110934,20938.745603751468,2.2552875812866975,7.746035300869225,3.7624399871226015,6.396707865011268,1.8168329997340538,0.36368300090289746,0.14884313368699523,3116.588511137163
동대문구,355069,159426,1.0,2016,14.21,145179,52650,2383.0,1921.0,1796.0,666.0,145,92,68367.0,4807.805907172996,0.0514003770619708,24987.262491203375,2.227171226776059,6.711371592563698,5.41021604251568,5.058171791961562,1.8756917669523387,0.3626557559977683,0.14828103833339434,3705.1372273047145
중랑구,411005,177400,0.99,2016,18.5,157571,45717,3085.0,2013.0,2591.0,933.0,147,56,67162.0,3630.3783783783774,0.0193105458855466,22216.486486486487,2.316826381059752,7.5059914112967,4.897750635637036,6.304059561319206,2.2700453765769275,0.2901358752562337,0.11123222345226944,2471.189189189189
성북구,450355,188304,0.95,2016,24.58,174370,54117,3060.0,2139.0,2131.0,833.0,123,79,69093.0,2810.943856794142,0.030703219452484,18322.009764035804,2.3916379896337836,6.794639784170266,4.749586437366077,4.731822673224456,1.8496519412463501,0.3103572862304295,0.12016520300651708,2201.6680227827505
강북구,327195,141229,0.97,2016,23.6,125580,36668,1965.0,1845.0,1500.0,722.0,0,0,52653.0,2231.0593220338983,0.018737111999371,13864.194915254237,2.3167692187865097,6.00559299500298,5.638839224315775,4.584422133590061,2.206635186968016,0.29198917025003984,0.11206772719632024,1553.728813559322
도봉구,348220,136898,0.97,2016,20.67,125384,28296,2249.0,1819.0,1636.0,670.0,78,52,40157.0,1944.6489104116224,0.0113768728302576,16846.637639090466,2.5436456339756606,6.458560680029866,5.223709149388317,4.698179311929239,1.924070989604273,0.2256747272379251,0.08125897421170525,1368.9404934687952
노원구,567581,219736,0.95,2016,35.44,204606,47641,4176.0,2803.0,2778.0,955.0,41,41,63642.0,1795.7674943566592,0.0113262754134292,16015.265237020318,2.583013252266356,7.357540157263897,4.938502169734364,4.894455593122391,1.6825792265773518,0.23284263413585135,0.0839369182548394,1344.2720090293456
은평구,491476,201891,0.95,2016,29.7,178775,44440,3522.0,2474.0,2573.0,947.0,163,82,68747.0,2313.934702120498,0.0162621462000213,16548.01346801347,2.4343630969186343,7.166168846495047,5.033816503756033,5.235250551400272,1.9268489203948922,0.24858061809537127,0.09042150583141395,1496.2962962962963
서대문구,314194,136766,0.94,2016,17.61,126581,43298,2201.0,1514.0,1660.0,532.0,0,0,54371.0,3084.004537719796,0.041231039276278,17841.794434980126,2.297310735124227,7.005226070516941,4.818678905389663,5.2833599623162755,1.6932213855134088,0.3420576547823133,0.13780657810142777,2458.716638273708
마포구,379892,169432,0.92,2016,23.84,153610,53382,3392.0,1621.0,2588.0,636.0,0,0,70544.0,2957.819706498952,0.03319147456107,15935.06711409396,2.2421502431654,8.928853463615976,4.267002200625441,6.812462489339075,1.6741600244279953,0.3475164377319185,0.1405188843144894,2239.1778523489934
양천구,477739,177434,0.98,2016,17.41,163253,32878,3334.0,1891.0,2258.0,821.0,113,52,47141.0,2707.696726019529,0.0170552771119343,27440.49396898334,2.692488474587734,6.978705946133768,3.9582282375941675,4.726430121886637,1.7185115722183033,0.20139292999209815,0.06882000422825016,1888.4549109707066
강서구,595485,245045,0.95,2016,41.44,222652,60988,5456.0,2594.0,4111.0,1112.0,115,60,83462.0,2013.558504221954,0.0198669997209784,14369.811776061777,2.4301046746515946,9.162279486469012,4.356113084292636,6.903616379925607,1.8673854085325408,0.27391624598027414,0.10241735728020017,1471.7181467181467
구로구,417551,172220,0.99,2016,20.12,156671,42055,3736.0,1794.0,2674.0,783.0,104,58,59834.0,2973.8568588469184,0.1153675205505639,20753.03180914513,2.4245209615607943,8.947410016979962,4.296481148410614,6.404008133138228,1.8752200330019566,0.268428745587888,0.10071823561672706,2090.2087475149106
금천구,235386,104483,1.04,2016,13.02,93402,31728,1595.0,1163.0,1324.0,535.0,74,33,42887.0,3293.932411674348,0.1116918720250647,18078.80184331797,2.252864102294153,6.776103931414783,4.94082060955197,5.624803514227694,2.272862447214363,0.33969294019400015,0.1347913639723688,2436.8663594470045
영등포구,370613,165729,1.0,2016,24.53,146904,49453,3282.0,1643.0,2609.0,693.0,116,64,70252.0,2861.588594704684,0.1362582630863441,15108.560945780677,2.2362591942267196,8.855598697293404,4.433195813422627,7.039688300194543,1.8698750448581134,0.33663480912704896,0.1334356862819167,2016.0211985324092
동작구,400997,172506,0.96,2016,16.35,159770,52954,3184.0,1667.0,2514.0,590.0,0,0,66694.0,4076.650366748167,0.0449243662308673,24525.810397553516,2.3245394363094616,7.940209028995229,4.157138332705731,6.269373586336057,1.4713327032371812,0.3314389434812543,0.13205585079190119,3238.7767584097855
관악구,506851,251955,1.02,2016,29.57,230570,103972,3561.0,2137.0,3537.0,926.0,82,48,128682.0,4351.77544808928,0.0556879950228973,17140.71694284748,2.011672719334802,7.025733400940315,4.216229227129866,6.97838220699969,1.826966899542469,0.4509346402394067,0.20513326401644666,3516.1312140683126
서초구,447192,173970,0.92,2016,46.98,155051,38357,3629.0,1480.0,2676.0,565.0,0,0,54948.0,1169.6040868454663,0.0183663841125904,9518.773946360154,2.5705121572684946,8.11508255961645,3.309540421116657,5.98400686953255,1.2634394175208858,0.24738311910274685,0.08577300130592676,816.4538101319711
강남구,567115,234080,0.92,2016,39.5,208904,61998,4122.0,1780.0,3032.0,867.0,461,156,87495.0,2215.0632911392404,0.0170622574894256,14357.341772151898,2.42274008885851,7.26836708604075,3.138693210371794,5.346358322386112,1.528790456961992,0.29677746716194997,0.10932174250372499,1569.5696202531647
송파구,657831,258382,0.95,2016,33.88,230801,54409,5500.0,2174.0,4102.0,1039.0,213,104,81256.0,2398.3471074380163,0.0188917596316091,19416.499409681226,2.5459629540757485,8.360809995272342,3.3048001690403765,6.235644109201299,1.5794330154705387,0.2357398798098795,0.0827096929150496,1605.9327036599764
강동구,444168,177460,0.99,2016,24.59,160021,39469,3293.0,1791.0,2399.0,806.0,0,0,57735.0,2347.9056527043517,0.0179457884855652,18062.9524196828,2.502918967654683,7.413861421804362,4.032258064516129,5.401109490102844,1.8146286990508096,0.2466488773348498,0.0888605212442139,1605.0833672224483
종로구,154770,73594,0.96,2017,23.91,62372,23638,689.0,826.0,700.0,265.0,120,67,35539.0,1486.3655374320367,0.072404462955644,6473.0238393977415,2.1030247031007963,4.4517671383343025,5.336951605608322,4.522840343735866,1.7122181301285777,0.3789841595587764,0.15272985720746915,988.6240066917608
중구,125709,60412,0.98,2017,9.96,52208,20164,808.0,684.0,792.0,253.0,150,72,28845.0,2896.084337349397,0.0845660621280453,12621.385542168673,2.080861418261273,6.427542976238773,5.4411378660239125,6.300264897501372,2.0125846200351605,0.3862243334354888,0.1604021987288102,2024.4979919678713
용산구,229161,107666,0.94,2017,21.87,91102,33076,1464.0,1150.0,1357.0,389.0,90,64,49518.0,2264.197530864197,0.0766488258542502,10478.32647462277,2.128443519774116,6.388521607079738,5.018305907200614,5.921600970496725,1.697496519913947,0.36306557485016794,0.14433520537962394,1512.3914037494283
성동구,304808,132902,0.97,2017,16.86,120957,39067,2462.0,1399.0,2096.0,509.0,0,0,51798.0,3072.2419928825625,0.0398777470528307,18078.76631079478,2.2934794058780152,8.077215821107059,4.589774546599827,6.876459935434766,1.6699036770688434,0.32298254751688615,0.1281692081572662,2317.141162514828
광진구,357703,160798,0.95,2017,17.06,147846,54866,2347.0,1346.0,2082.0,612.0,0,0,68171.0,3995.955451348183,0.055952613284526,20967.350527549825,2.224548812796179,6.561309242583932,3.762898270352779,5.820471173012248,1.7109165984070585,0.37110236326988894,0.15338423217026415,3216.060961313013
동대문구,350647,159938,1.0,2017,14.21,145294,54030,2117.0,1780.0,1657.0,624.0,144,90,70090.0,4928.973277074542,0.0579247836420911,24676.073187895847,2.1923933024046818,6.037410843383802,5.076330326510708,4.725550197206878,1.7795674852486973,0.37186669786777155,0.15408658850638962,3802.251935256861
중랑구,408226,179132,0.99,2017,18.51,159035,47543,2744.0,2068.0,2302.0,956.0,147,55,69385.0,3750.540540540541,0.0207397799992658,22054.349000540245,2.2789116405778977,6.7217668644329365,5.065821383253394,5.6390332805847745,2.3418400591829034,0.29894677272298553,0.1164624497214778,2568.5035116153426
성북구,444055,187112,0.95,2017,24.58,172973,54243,2631.0,2097.0,1917.0,732.0,107,79,69365.0,2822.0097640358017,0.0334700094487639,18065.703824247357,2.373204284065159,5.92494173019108,4.722387992478409,4.317032799990992,1.6484444494488295,0.3135922947512039,0.12215378725608314,2206.7941415785194
강북구,324479,142533,0.96,2017,23.6,127281,39082,1772.0,1873.0,1436.0,742.0,0,0,54745.0,2319.7033898305085,0.0197773184309851,13749.110169491525,2.276518420295651,5.461062195088126,5.772330412753984,4.425556045229429,2.2867427476046216,0.30705289870444136,0.12044539091898089,1656.0169491525423
도봉구,344166,137378,0.96,2017,20.67,125974,29469,1906.0,1739.0,1543.0,666.0,78,51,41294.0,1999.7094430992736,0.0119716723372054,16650.507982583455,2.5052482930309075,5.538025255254732,5.052794291126956,4.483301662569806,1.9351127072401109,0.23392922349056156,0.08562437893342166,1425.689404934688
노원구,554403,217619,0.95,2017,35.44,202955,49265,3494.0,2645.0,2420.0,1003.0,40,40,64810.0,1828.72460496614,0.0117249627487228,15643.425507900678,2.5475854589902536,6.3022746990907335,4.770897704377502,4.365055744647846,1.8091532693726404,0.24273853809957874,0.08886135176036204,1390.0959367945825
은평구,486794,202839,0.94,2017,29.7,179641,46535,2930.0,2403.0,2331.0,917.0,142,82,70698.0,2379.602827330865,0.0171273732598808,16390.370370370372,2.399903371639576,6.018973117992416,4.936379659568524,4.7884731529147855,1.883753702798309,0.2590444274970636,0.09559485121016283,1566.8350168350169
서대문구,312800,137266,0.93,2017,17.61,126672,43418,1911.0,1507.0,1546.0,485.0,0,0,55117.0,3126.318774815655,0.0450887389629864,17762.634866553097,2.2787871723514925,6.109335038363171,4.817774936061381,4.942455242966751,1.5505115089514065,0.34275925224201087,0.13880434782608694,2465.5309483248157
마포구,374915,169408,0.91,2017,23.84,152814,54162,2812.0,1533.0,2294.0,576.0,151,78,71949.0,3016.729559748428,0.0355839134592643,15726.30033557047,2.2130891103135624,7.50036674979662,4.088926823413307,6.1187202432551375,1.5363482389341583,0.35443087675213003,0.14446474534227757,2271.8959731543623
양천구,471154,176649,0.97,2017,17.41,162045,33088,2876.0,1805.0,2021.0,700.0,110,69,47379.0,2721.3670304422744,0.0171619968715987,27062.263067202755,2.6671761515774217,6.104161272110605,3.8310191572182344,4.289467987112494,1.4857138005832489,0.20419019408189082,0.07022756890528362,1900.5169442848937
강서구,601691,254257,0.95,2017,41.44,231739,68237,4800.0,2574.0,4069.0,1120.0,123,68,91595.0,2209.770808202654,0.0205985953112389,14519.570463320464,2.366467786530951,7.977516698770631,4.277943329715751,6.762607384853687,1.8614205630464806,0.2944562632962082,0.1134087097862524,1646.645752895753
구로구,410742,171570,0.99,2017,20.12,156110,42984,3139.0,1749.0,2460.0,775.0,107,61,60669.0,3015.357852882704,0.1194704645383291,20414.612326043738,2.394019933554817,7.642266921814667,4.258147450224228,5.98916107921761,1.886829201786036,0.27534430850041636,0.10464963407686577,2136.3817097415504
금천구,235154,106066,1.03,2017,13.02,95331,32928,1498.0,1167.0,1439.0,525.0,74,25,44496.0,3417.5115207373274,0.1190517329395964,18060.983102918588,2.2170535327060508,6.3702935097850775,4.962705291000791,6.119394099186065,2.232579501092901,0.34540705541744027,0.14002738630854675,2529.032258064516
영등포구,368550,167355,1.0,2017,24.53,147559,51151,2805.0,1560.0,2539.0,628.0,128,72,72378.0,2948.1873727087577,0.1467264646902606,15024.459845087647,2.202204893788653,7.610907610907611,4.232804232804233,6.8891602224935555,1.7039750373083706,0.34664778156534,0.13878985212318545,2085.2425601304526
동작구,396217,172995,0.95,2017,16.35,160062,54355,2814.0,1641.0,2282.0,598.0,0,0,68697.0,4199.083129584352,0.044284802347628,24233.45565749235,2.2903378710367353,7.102168761057704,4.141669842535783,5.759470189315451,1.509273958462156,0.3395871599755095,0.13718492644182353,3324.464831804281
관악구,503297,255352,1.02,2017,29.57,232212,106865,2931.0,2068.0,3205.0,817.0,96,49,133850.0,4526.547176192086,0.055085477789295,17020.527561717958,1.9709929822362855,5.823599186961178,4.108905874662476,6.368009346370036,1.6232959862665581,0.46020446833066336,0.21232989666141464,3613.9668583023335
서초구,441102,173594,0.92,2017,47.0,155513,39702,3039.0,1446.0,2288.0,561.0,0,0,55973.0,1191.4218816517669,0.0179276651826107,9385.148936170213,2.5409979607590123,6.889562958227349,3.278153352285866,5.187008900435727,1.2718146823183754,0.2552969848179895,0.09000639307915176,844.7234042553191
강남구,556164,231612,0.92,2017,39.5,207369,62774,3456.0,1756.0,2677.0,805.0,535,153,87820.0,2223.2911392405063,0.0162272544944025,14080.101265822785,2.401274545360344,6.213994433296653,3.1573420789551285,4.813328442689566,1.4474147913205457,0.30271641373590075,0.11286958523025582,1589.2151898734178
송파구,664496,264628,0.95,2017,33.88,237516,58848,4976.0,2239.0,3896.0,1041.0,195,102,85227.0,2515.5548996458087,0.018226299329681,19613.223140495866,2.5110570310020104,7.488382172353182,3.3694709975680817,5.863090221762057,1.566600852375334,0.24776436113777597,0.08856035250776528,1736.9539551357732
강동구,436223,177407,0.99,2017,24.59,160680,41050,2968.0,1877.0,2427.0,784.0,121,53,59590.0,2423.342822285482,0.0186120869563242,17739.853599023994,2.458882682194051,6.803859493882716,4.302845104453456,5.563668123872423,1.797245904044491,0.2554767239233259,0.09410324535845198,1669.3777958519725
종로구,153065,73735,0.96,2018,23.91,63773,25326,644.0,897.0,676.0,244.0,120,67,36012.0,1506.1480552070263,0.0798154895538135,6401.714763697198,2.075879839967451,4.207362885048836,5.860255447032307,4.416424394864927,1.5940940123476954,0.39712731093095827,0.16545911867507268,1059.2220828105394
중구,125725,61502,0.97,2018,9.96,53102,20803,733.0,710.0,778.0,259.0,0,0,29832.0,2995.180722891566,0.0968864509374562,12622.991967871485,2.0442424636597183,5.830184927420959,5.6472459733545435,6.188108967985683,2.060051700139193,0.39175548943542615,0.16546430701928813,2088.6546184738954
용산구,228999,108974,0.93,2018,21.87,92500,34240,1377.0,1203.0,1400.0,391.0,166,72,50818.0,2323.639689071788,0.085034069117467,10470.919067215364,2.1014095105254462,6.013126694876397,5.25329804933646,6.113563814689147,1.7074310368167547,0.3701621621621622,0.1495203035821117,1565.6149977137632
성동구,308221,137209,0.96,2018,16.86,123963,40706,2346.0,1383.0,2000.0,550.0,0,0,54940.0,3258.6002372479243,0.0428328114187124,18281.19810201661,2.246361390287809,7.611421674707434,4.48704014327382,6.488850532572408,1.784433896457412,0.3283721755685164,0.1320675748894462,2414.3534994068805
광진구,355559,162606,0.95,2018,17.06,148735,56337,2197.0,1512.0,2164.0,613.0,0,0,70605.0,4138.62837045721,0.0607821313361881,20841.676436107857,2.1866290296791018,6.179002640911916,4.252458804305333,6.086191040024299,1.7240457983063289,0.3787743301845564,0.15844627755168622,3302.2860492379837
동대문구,348052,161820,0.99,2018,14.22,146974,55593,1886.0,1895.0,1747.0,660.0,144,90,72616.0,5106.61040787623,0.0612563059576547,24476.230661040787,2.150858979112594,5.41873053451783,5.4445887396136206,5.019364922482847,1.8962683736912873,0.37825057493162056,0.1597261328766966,3909.493670886076
중랑구,403209,180511,0.99,2018,18.5,159444,49207,2446.0,2178.0,2253.0,916.0,159,63,72086.0,3896.540540540541,0.0223742916155208,21795.08108108108,2.2337087490513046,6.066332844752969,5.401665141403094,5.58767289420623,2.271774687568978,0.3086161912646446,0.12203844656245272,2659.837837837838
성북구,435868,186601,0.95,2018,24.57,171943,55136,2264.0,2215.0,1919.0,757.0,106,77,71004.0,2888.6899918633035,0.0374659081009723,17739.84533984534,2.335828854079024,5.194233116448099,5.081813760129213,4.4027090770600275,1.7367643414978846,0.3206644062276452,0.12649701285710352,2244.037444037444
강북구,319164,143395,0.96,2018,23.6,127551,40872,1344.0,1960.0,1344.0,710.0,102,59,57388.0,2431.694915254237,0.0217239830915256,13523.898305084746,2.2257679835419646,4.211001240741437,6.141043476081262,4.211001240741437,2.2245616673559674,0.320436531269845,0.1280595555889762,1731.8644067796608
도봉구,339413,138087,0.96,2018,20.67,126286,30848,1707.0,1901.0,1471.0,724.0,78,54,43182.0,2091.1380145278454,0.0133470316026096,16420.56119980648,2.4579649061823345,5.029271123969912,5.600846166764384,4.333953030673545,2.1330944896041104,0.2442709405634829,0.09088632433053537,1492.404450895017
노원구,543752,217655,0.94,2018,35.44,202326,51280,2851.0,2896.0,2240.0,887.0,82,45,67527.0,1905.3893905191876,0.0140415207238762,15342.889390519189,2.4982288484068826,5.243199105474555,5.325957421765805,4.119525077608911,1.631258367785314,0.2534523491790477,0.09430769909811826,1446.9525959367948
은평구,483197,205001,0.94,2018,29.71,181338,48888,2703.0,2504.0,2364.0,925.0,142,80,73517.0,2474.486704813194,0.0182399429117469,16263.783237967014,2.3570470387949327,5.593991684551022,5.1821513792511125,4.892414481050172,1.9143330773990732,0.2695960030440393,0.10117612485176854,1645.506563446651
서대문구,310313,138549,0.93,2018,17.62,127197,44795,1647.0,1669.0,1393.0,526.0,0,0,57194.0,3244.1293250141807,0.0497245264330815,17611.407491486945,2.239734678705729,5.307544318156184,5.378440477840116,4.48901592907806,1.6950627269885568,0.352170255587789,0.14435424877462433,2542.281498297389
마포구,375077,172505,0.91,2018,23.85,154940,56837,2528.0,1612.0,2229.0,560.0,160,33,75480.0,3164.779874213836,0.0381665756459665,15726.49895178197,2.174296397205878,6.739949397057138,4.297784188313333,5.942779749224826,1.4930267651708848,0.36683232218923456,0.15153421830717426,2383.1027253668763
양천구,464185,176498,0.97,2018,17.41,162039,34304,2387.0,1842.0,1957.0,743.0,108,68,48615.0,2792.360712234348,0.0179816082623973,26661.97587593337,2.6299731441716054,5.1423462628047005,3.9682454193909757,4.215991468918642,1.6006549112961428,0.21170212109430445,0.07390156941736592,1970.3618609994255
강서구,596949,258503,0.95,2018,41.44,235754,73011,4260.0,2759.0,3835.0,1068.0,122,62,97429.0,2350.518697225573,0.0218551351781196,14405.139961389963,2.3092536643675317,7.1362880246051175,4.62183536617031,6.424334407126907,1.7890975610981843,0.30969145804525056,0.12230693074282728,1761.8484555984558
구로구,404497,172457,0.98,2018,20.12,156235,44151,2658.0,1922.0,2286.0,741.0,110,63,62904.0,3126.441351888668,0.1233539953385056,20104.224652087472,2.345494818998359,6.571124136891003,4.7515803578271285,5.651463422472848,1.8319048101716453,0.282593528978782,0.10915037688783848,2194.383697813121
금천구,233917,107971,1.03,2018,13.02,96298,34564,1314.0,1133.0,1269.0,539.0,84,36,46842.0,3597.695852534562,0.1281626322233201,17965.975422427036,2.166479888118106,5.617377103844526,4.843598370362137,5.425001175630673,2.304236117939269,0.3589274958981495,0.1477618129507475,2654.68509984639
영등포구,367778,171085,0.99,2018,24.55,149831,53477,2698.0,1659.0,2664.0,632.0,142,91,76795.0,3128.1059063136454,0.1399479682854311,14980.773930753563,2.1496799836338663,7.335947229034907,4.510873407327246,7.2435001549848,1.7184279646960938,0.35691545808277325,0.1454056523228687,2178.2892057026475
동작구,396203,177176,0.95,2018,16.35,161495,56872,2417.0,1720.0,2097.0,562.0,0,0,73426.0,4488.1418092909535,0.048780487804878,24232.599388379203,2.2362114507608255,6.100408124118192,4.341208925727468,5.292741347238663,1.4184647768946728,0.35215950958234,0.14354257792091427,3478.409785932721
관악구,501957,262222,1.01,2018,29.57,236761,112733,2582.0,2179.0,3090.0,856.0,104,55,142742.0,4827.257355427799,0.0582012922082916,16975.211362867773,1.9142444188512024,5.143866904934088,4.341009289640348,6.155905784758455,1.705325356554446,0.47614683161500415,0.224586966612678,3812.411227595536
서초구,433951,172918,0.92,2018,46.98,155418,41137,2919.0,1435.0,2234.0,587.0,0,0,57213.0,1217.816091954023,0.0198830115733186,9236.93060876969,2.5095767936247237,6.726565902601906,3.3068249641088507,5.148046668863535,1.352687284969962,0.2646862010835296,0.09479641710700056,875.6279267773522
강남구,542364,228775,0.92,2018,39.5,203083,62727,2940.0,1796.0,2519.0,758.0,535,81,88584.0,2242.6329113924053,0.0193733525983052,13730.73417721519,2.3707310676428808,5.420713764187888,3.3114292246535535,4.644482303397718,1.3975853854606868,0.30887371173362616,0.1156548000973516,1588.0253164556962
송파구,666635,270866,0.94,2018,33.87,243547,63451,4567.0,2334.0,3705.0,1010.0,188,118,90734.0,2678.099173553718,0.0194682460612881,19682.167109536465,2.461124688960593,6.850825414207175,3.5011663053995066,5.557763993789705,1.5150719659183811,0.2605287685744435,0.09518102109850218,1873.3687629170358
강동구,427573,177247,0.98,2018,24.59,159233,42126,2659.0,1905.0,2371.0,722.0,109,58,61564.0,2503.619357462383,0.020290794591591,17388.08458723058,2.4123003492301702,6.218821113587621,4.455379549223173,5.54525192189404,1.688600543065161,0.26455571395376587,0.09852352697668,1713.1354209028061
종로구,151290,73947,0.95,2019,23.91,62652,24671,673.0,854.0,590.0,260.0,124,85,36716.0,1535.5918025930573,0.0876943701388159,6327.478042659975,2.0459247839668953,4.448410337761914,5.644788155198626,3.899795095511931,1.7185537709035628,0.3937783310987678,0.16307092339216075,1031.827687160184
중구,126171,62739,0.96,2019,9.96,54496,22078,783.0,665.0,722.0,230.0,0,0,31069.0,3119.3775100401604,0.1010784830900885,12667.771084337348,2.011045761009898,6.205863471003638,5.270624786995427,5.722392625880749,1.8229228586600723,0.40513065179095714,0.17498474292824817,2216.6666666666665
용산구,228670,110126,0.93,2019,21.87,93177,35148,1314.0,1107.0,1303.0,372.0,181,83,52143.0,2384.224965706447,0.0910822440198217,10455.875628715134,2.0764397145088354,5.746271920234399,4.841037302663227,5.698167665194386,1.6267984431713824,0.3772175536881419,0.15370621419512834,1607.1330589849108
성동구,300889,135838,0.96,2019,16.86,122770,41488,2191.0,1369.0,1758.0,528.0,0,0,55527.0,3293.416370106762,0.0454464542897737,17846.32265717675,2.215057642191434,7.281755065821615,4.549850609360927,5.8426861733064355,1.7547999428360623,0.33793271971980127,0.1378847349022397,2460.73546856465
광진구,351350,164428,0.94,2019,17.06,149905,58714,1957.0,1385.0,1893.0,591.0,96,51,74064.0,4341.383352872216,0.0649177593930872,20594.95896834701,2.1368015179896367,5.569944499786537,3.941938238223993,5.387789953038281,1.682083392628433,0.3916747273273073,0.16710971965276789,3441.617819460727
동대문구,346194,164191,0.99,2019,14.22,148349,58152,1884.0,1851.0,1613.0,692.0,124,91,75705.0,5323.839662447257,0.065133614123623,24345.56962025316,2.1084834126109224,5.442035390561362,5.346713114612038,4.659237306250253,1.9988792411191412,0.3919945533842493,0.16797518154560737,4089.4514767932487
중랑구,397015,181579,0.98,2019,18.5,160776,52196,2244.0,2049.0,2031.0,960.0,172,79,74943.0,4050.972972972973,0.0243393429248005,21460.27027027027,2.186458786533685,5.652179388688085,5.1610140674785585,5.115675730136141,2.4180446582622825,0.3246504453401005,0.1314711031069355,2821.4054054054054
성북구,442650,192592,0.94,2019,24.57,176729,57832,2147.0,2184.0,1880.0,661.0,106,77,74767.0,3041.7819365337677,0.0395299333251235,18015.873015873014,2.298382071944837,4.850333220377274,4.933920704845815,4.247147859482661,1.493279114424489,0.32723548483836834,0.13064949734553258,2353.7647537647536
강북구,313954,144277,0.95,2019,23.6,128012,42791,1227.0,1874.0,1260.0,697.0,0,0,59715.0,2530.2966101694915,0.0237019783125324,13303.135593220339,2.176050236697464,3.9082158532778686,5.9690273097332724,4.013326793097078,2.2200704561814786,0.33427334937349623,0.1362970371455691,1813.177966101695
도봉구,333362,138508,0.96,2019,20.66,126831,32653,1483.0,1836.0,1316.0,702.0,91,46,45013.0,2179.806295399516,0.0149777583119556,16135.624394966118,2.406806827042481,4.448617418901974,5.507526352733665,3.947660501196897,2.1058188995746363,0.2574528309325007,0.09795057625044246,1580.4937076476283
노원구,532905,216966,0.94,2019,35.44,201458,53365,2604.0,2668.0,2138.0,903.0,99,60,69471.0,1960.242663656885,0.0154475221616108,15036.822799097066,2.4561682475595257,4.886424409603963,5.006520862067348,4.0119721151049434,1.6944858839755679,0.2648939232991492,0.10013979977669565,1505.7844243792326
은평구,480032,207681,0.93,2019,29.71,184890,52814,2407.0,2315.0,2178.0,905.0,0,0,76987.0,2591.282396499495,0.0196080454693672,16157.25345001683,2.311391027585576,5.014249050063329,4.822595160322646,4.537197520165322,1.8852909806012934,0.2856509275785602,0.11002183187787481,1777.6506226859642
서대문구,309397,140157,0.92,2019,17.63,128635,46449,1521.0,1555.0,1440.0,473.0,0,0,58962.0,3344.4129325014183,0.0562519533002651,17549.46114577425,2.2075030144766226,4.91601405314208,5.025905228557485,4.654214488181851,1.528780175631955,0.36109146033350176,0.1501275060844158,2634.6568349404424
마포구,374035,175023,0.9,2019,23.85,156885,59248,2334.0,1563.0,2029.0,565.0,183,57,78637.0,3297.148846960168,0.0425367623242858,15682.809224318657,2.137061986138965,6.2400577486064135,4.178753325223575,5.424626037670271,1.5105538251767883,0.37765242056283266,0.1584022885558838,2484.1928721174004
양천구,458165,177256,0.97,2019,17.41,162867,36345,2222.0,1900.0,1705.0,727.0,0,0,50670.0,2910.396323951752,0.0197670268340958,26316.19758759334,2.584764408539062,4.849781192365196,4.146977617233966,3.721366756517848,1.586764593541628,0.22315754572749544,0.07932731657808868,2087.59333716255
강서구,591796,262708,0.94,2019,41.44,240135,79371,3841.0,2691.0,3589.0,1103.0,151,63,103796.0,2504.125452352232,0.0220584916919199,14280.791505791507,2.2526759748465977,6.490412236649115,4.547175040047583,6.064589824872084,1.8638179372621646,0.3305265787994253,0.1341188517664871,1915.3233590733591
구로구,406664,176568,0.98,2019,20.12,160378,47740,2460.0,1811.0,2063.0,733.0,140,42,66167.0,3288.618290258449,0.1250355622014197,20211.928429423457,2.3031579901227857,6.049219994885212,4.453307890543544,5.072984085141542,1.8024708358743338,0.29767175048946865,0.11739421242106506,2372.763419483101
금천구,232810,110622,1.03,2019,13.02,99315,37778,1154.0,1199.0,1243.0,540.0,84,39,50136.0,3850.691244239632,0.1304542927487888,17880.95238095238,2.10455424779881,4.956831751213436,5.150122417421932,5.3391177354924615,2.319487994501954,0.3803856416452701,0.16226966195610154,2901.536098310292
영등포구,367678,174806,0.98,2019,24.55,153923,58214,2633.0,1708.0,2449.0,684.0,144,80,81133.0,3304.806517311609,0.138468674716823,14976.700610997963,2.1033488553024497,7.161157317000201,4.64536904574111,6.660719433852447,1.8603234351796953,0.3782020880570155,0.15832875505197483,2371.2423625254582
동작구,395963,180753,0.94,2019,16.35,164963,60088,2227.0,1703.0,2057.0,557.0,0,0,77390.0,4730.440097799511,0.0506148022068317,24217.920489296634,2.1906303076574107,5.624262873046218,4.3009069029176965,5.194929829302232,1.4066970903847076,0.3642513775816395,0.15175155254405084,3675.1070336391435
관악구,500094,268559,1.01,2019,29.57,242154,119863,2245.0,2107.0,2802.0,875.0,105,48,151175.0,5112.445045654379,0.060482629265698,16912.208319242476,1.8621383010809542,4.489156038664731,4.213207916911621,5.602946646030547,1.7496710618403741,0.49498666138077424,0.23968093998328313,4053.5339871491374
서초구,430826,173199,0.92,2019,46.98,155377,42667,2512.0,1421.0,2084.0,615.0,0,0,58281.0,1240.549169859515,0.0224197726076574,9170.41294167731,2.4874623987436415,5.830660173712821,3.2983153291584073,4.837219666408248,1.4274904485801692,0.2746030622292875,0.0990353414139351,908.1949765857812
강남구,545169,232981,0.92,2019,39.5,206524,66073,2749.0,1838.0,2338.0,772.0,566,52,92008.0,2329.3164556962024,0.0213282588979824,13801.746835443038,2.339971929041424,5.042473067984424,3.3714316111150855,4.288578404127894,1.416074648411777,0.3199289186728903,0.12119728010947065,1672.73417721519
송파구,675961,278711,0.94,2019,33.87,252212,68861,4424.0,2278.0,3651.0,1060.0,0,0,95719.0,2825.2361275088547,0.0206901299321411,19957.514024210217,2.4253115234059655,6.544756280317947,3.370016909259558,5.40119918160959,1.5681378067669585,0.2730282460786957,0.1018712618035656,2033.0971361086508
강동구,436067,183390,0.98,2019,24.59,162976,45188,2437.0,1898.0,2129.0,767.0,109,58,64739.0,2632.736884912566,0.0207338949567428,17733.50955673038,2.3778123125579365,5.588590744082905,4.3525421552192665,4.882277264732254,1.7589040216297036,0.27726781857451405,0.10362627761330254,1837.657584383896
종로구,149384,75003,0.95,2020,23.91,63414,25983,529.0,867.0,565.0,269.0,135,62,38354.0,1604.098703471351,0.0793101713250647,6247.762442492681,1.9917069983867313,3.541209232581803,5.803834413324052,3.782198896802871,1.800728324318535,0.4097360204371274,0.17393429015155573,1086.7001254705144
중구,125240,63686,0.96,2020,9.96,55093,22818,690.0,723.0,653.0,260.0,0,0,32280.0,3240.9638554216863,0.0945742191852044,12574.29718875502,1.9665232547184626,5.509421909932929,5.772916001277547,5.213989140849569,2.076014053018205,0.4141723993973826,0.18219418716065156,2290.9638554216867
용산구,230040,113093,0.93,2020,21.87,95714,36881,1176.0,1145.0,1175.0,359.0,226,84,54748.0,2503.3379058070414,0.0780927466328762,10518.518518518518,2.034078148072825,5.112154407929056,4.977395235611199,5.107807337854286,1.5605981568422884,0.3853250308209875,0.16032429142757781,1686.3740283493369
성동구,293556,135870,0.95,2020,16.86,122186,42585,1945.0,1363.0,1573.0,502.0,97,46,57370.0,3402.728351126928,0.0428811500640588,17411.387900355872,2.1605652461912124,6.625652345719386,4.64306639959667,5.35843246263064,1.7100655411573942,0.34852601771070335,0.14506601806810285,2525.8007117437724
광진구,346682,167427,0.93,2020,17.06,152090,62301,1532.0,1486.0,1661.0,531.0,99,57,78614.0,4608.089097303635,0.063511325737485,20321.336459554514,2.0706457142515844,4.419035311899666,4.286348873030616,4.791134238293306,1.5316630225970773,0.4096324544677494,0.17970647452131924,3651.8757327080893
동대문구,342837,167598,0.98,2020,14.22,150373,60925,1702.0,1911.0,1524.0,570.0,140,95,80336.0,5649.507735583685,0.0611572655414073,24109.493670886073,2.0455912361722692,4.964458328593472,5.574077477051777,4.445261159093097,1.6625976776135598,0.4051591708617904,0.17770835703264234,4284.458509142053
중랑구,394702,185920,0.98,2020,18.5,164832,56605,1873.0,2245.0,1850.0,863.0,149,68,79802.0,4313.621621621622,0.0252901927610733,21335.243243243243,2.1229668674698794,4.745352189753282,5.68783537960284,4.687080379628175,2.186459658172495,0.34341026014366144,0.14341199183181236,3059.7297297297296
성북구,437153,195396,0.93,2020,24.58,179660,61510,2041.0,2265.0,1672.0,667.0,129,85,78864.0,3208.462164361269,0.0357986471493504,17784.906427990238,2.237266883661897,4.668845918934561,5.181252330419784,3.8247478571575626,1.5257815913421615,0.34236891906935324,0.14070588558239336,2502.4410089503663
강북구,308055,145896,0.95,2020,23.6,129805,45685,1049.0,1968.0,1041.0,700.0,0,0,62910.0,2665.677966101695,0.0236929861443211,13053.177966101694,2.1114698141141637,3.4052360779730892,6.388469591469056,3.3792666893898815,2.27232150103066,0.3519510034282193,0.14830143967797957,1935.8050847457625
도봉구,325257,139114,0.95,2020,20.65,127362,34884,1218.0,1920.0,1187.0,678.0,99,59,47242.0,2287.7481840193705,0.0148948714110721,15750.944309927361,2.33806087094038,3.7447310895691714,5.903024377645984,3.6494218418050957,2.084505483356238,0.27389645263108303,0.10725057416135549,1689.2978208232446
노원구,523037,218270,0.93,2020,35.44,202695,56438,2252.0,2699.0,1961.0,891.0,100,65,72693.0,2051.1568848758466,0.0147087842863431,14758.380361173817,2.3962844183809042,4.305622737970736,5.160246789424074,3.7492567447427234,1.7035123710177291,0.2784380473124645,0.10790441211616005,1592.4943566591423
은평구,479835,213914,0.92,2020,29.71,190631,57853,2144.0,2623.0,2061.0,869.0,144,91,82865.0,2789.1282396499496,0.0192978722964695,16150.622685964321,2.2431210673448208,4.4682026113143065,5.466462429793575,4.295226484103911,1.811039211395584,0.3034815953333928,0.12056852876509634,1947.2568158869067
서대문구,312173,144838,0.92,2020,17.63,133112,49863,1533.0,1676.0,1260.0,444.0,0,0,62836.0,3564.1520136131594,0.050094131635661,17706.9200226886,2.1553252599455943,4.910738596867763,5.368817931083085,4.036223504274873,1.4222882824587648,0.3745943265821263,0.15972874015369684,2828.304027226319
마포구,371890,178482,0.89,2020,23.85,160681,63172,2015.0,1653.0,1929.0,531.0,163,91,82892.0,3475.555555555555,0.038671443311388,15592.872117400419,2.083627480642306,5.418268842937428,4.444862728226089,5.187017666514292,1.4278415660544785,0.39315164829693616,0.16986743391863185,2648.7211740041926
양천구,454251,180633,0.96,2020,17.41,166044,39436,1875.0,1921.0,1637.0,761.0,117,82,54209.0,3113.6703044227456,0.0191751077480279,26091.384261918436,2.514773048114132,4.127673907157057,4.228939507012643,3.6037344992085876,1.6752852497848107,0.2375033123750331,0.08681543904141102,2265.134979896611
강서구,580185,266982,0.93,2020,41.44,244097,86172,3345.0,2694.0,3233.0,1103.0,156,73,111673.0,2694.1616405307595,0.0222187707479591,14000.603281853282,2.1731240308335393,5.765402414747021,4.643346518782803,5.572360540172531,1.9011177469255498,0.35302359307980025,0.1485250394270793,2079.4401544401544
구로구,404408,180531,0.98,2020,20.12,164083,50971,2269.0,1892.0,2063.0,716.0,149,69,70287.0,3493.389662027833,0.1268890697545365,20099.80119284294,2.2401028078280185,5.610670412059108,4.678443552056339,5.101283851951495,1.7704892089177267,0.3106415655491428,0.1260385551225495,2533.3499005964213
금천구,231733,114715,1.02,2020,13.02,103432,42334,1092.0,1245.0,1285.0,520.0,84,28,54928.0,4218.7403993855605,0.1316157927653479,17798.233486943165,2.0200758401255285,4.712319781817868,5.372562388611031,5.545174834831466,2.2439618008656512,0.4092930621084384,0.1826843824573971,3251.4592933947774
영등포구,379480,184714,0.98,2020,24.55,162391,64000,2296.0,1746.0,2421.0,612.0,187,99,87715.0,3572.912423625254,0.1338645496566977,15457.433808553971,2.054419264376279,6.050384737008538,4.601032992516075,6.3797828607568245,1.6127332138716137,0.3941105110504893,0.168651839359123,2606.924643584521
동작구,391220,184229,0.94,2020,16.35,167766,64101,2044.0,1770.0,1906.0,611.0,170,68,82352.0,5033.740831295844,0.04643002998217,23927.82874617737,2.123552752281128,5.224681764735954,4.5243085731813295,4.871939062420122,1.561781095036041,0.3820857623117914,0.1638489852257042,3920.550458715596
관악구,495060,274811,1.01,2020,29.57,248959,129233,1905.0,2209.0,2529.0,769.0,105,44,160288.0,5420.629015894488,0.0568082180763942,16741.968211024687,1.8014562735843906,3.8480184220094533,4.462085403789439,5.108471700399951,1.5533470690421363,0.5190935053563036,0.2610451258433321,4370.409198512006
서초구,425126,173502,0.92,2020,46.98,156123,43942,2238.0,1433.0,1861.0,533.0,0,0,59621.0,1269.0719455087271,0.0217376609754676,9049.08471690081,2.4502657029890145,5.264321636408971,3.37076537308939,4.377525721786012,1.2537459482600453,0.281457568711849,0.10336229729539008,935.3341847594721
강남구,539231,234872,0.92,2020,39.5,208833,68999,2356.0,1867.0,2046.0,706.0,477,148,95007.0,2405.240506329114,0.0208581852937662,13651.417721518987,2.2958505058074183,4.369185006054919,3.46233803323622,3.7942922421003242,1.3092719075869155,0.33040276201558183,0.1279581478067841,1746.8101265822784
송파구,667960,281959,0.93,2020,33.87,255766,73694,3791.0,2300.0,3220.0,1070.0,0,0,100587.0,2968.919716646989,0.0200897427907515,19721.28727487452,2.368996910898393,5.675489550272471,3.4433199592789987,4.820647942990598,1.6018923288819689,0.2881305568371089,0.11032696568656805,2175.789784470033
강동구,459970,196499,0.97,2020,24.59,177148,50316,2535.0,1901.0,2433.0,747.0,0,0,70081.0,2849.97966653111,0.0197716369467109,18705.5713704758,2.3408261619652007,5.511228993195208,4.1328782311889904,5.289475400569602,1.6240189577581146,0.2840336893445029,0.10938974280931366,2046.1976413176087
