자치구,주택수,단독주택수,다가구주택수,아파트수,년도,월세거래수,월세평균임대면적,월세평균보증금액,월세평균임대료액,다가구주택_월세거래수,다가구주택_월세평균임대면적,다가구주택_월세평균보증금액,다가구주택_월세평균임대료액,전세거래수,전세평균임대면적,전세평균보증금액,다가구주택_전세거래수,아파트_전세거래수,다가구주택_전세평균임대면적,아파트_전세평균임대면적,다가구주택_전세평균보증금액,아파트_전세평균보증금액,임대거래수,실거래수,평균실거래가,평균거래면적,다가구주택_실거래수,다가구주택_평균실거래가,다가구주택_평균거래면적,아파트_실거래수,아파트_평균실거래가,아파트_평균거래면적,지가변동률,아파트비율,단독주택비율,단독주택_내_다가구주택_비율,월세비율,다가구주택_전월세비율,다가구주택_실거래비율,아파트_실거래비율
종로구,43554,12991,4148,12462,2016,2337,45.958943089430896,6854.176294394523,56.047068891741546,1100,40.03727272727273,4130.281818181818,46.09909090909091,2281,58.450644454186765,21515.002192021042,861,525,14052.05574912892,37811.04761904762,50.45837398373984,81.25272380952381,4618,2768,49032.25578034682,80.06025289017342,507,78366.46351084813,127.52358974358974,1002,58618.03193612774,83.29794411177646,0.16,0.28612756578041054,0.2982734077237452,0.3192979755215149,0.5060632308358597,1.2775842044134726,0.18316473988439305,0.3619942196531792
중구,38311,6364,2507,22923,2016,2326,48.50229578675838,8685.871883061049,65.30997420464317,789,38.96013941698352,3585.1077313054498,45.38783269961977,2374,59.17181550126369,26525.770429654593,683,979,12391.361639824305,42593.6455566905,47.27790629575403,81.29465781409601,4700,2521,53505.75128917096,83.70631892106307,294,73567.26190476191,129.066462585034,1601,61124.84634603373,90.00379138038726,0.188,0.5983399023779071,0.16611417086476468,0.3939346323067253,0.4948936170212766,1.1551976573938507,0.11662038873462911,0.6350654502181674
용산구,70868,15302,7840,35310,2016,4051,55.34473216489756,9301.396445322143,65.13502838805233,1931,41.88863283272915,2759.456240290005,45.19782496116002,5045,67.27204955401388,28866.915163528247,1575,2019,11475.49015873016,48648.8558692422,49.155942857142854,92.81752352649826,9096,5143,78298.50029165857,91.36961889947501,787,101602.85387547649,142.73193138500636,2562,95570.10226385636,100.18546838407495,0.256,0.49825026810408085,0.2159225602528645,0.5123513266239708,0.44536059806508355,1.226031746031746,0.15302352712424655,0.4981528290880809
성동구,80977,11155,7019,57548,2016,5695,50.08017032484636,9751.63810359965,60.74328358208955,2468,32.84786871961102,2835.6053484602917,37.99878444084279,6807,61.26898780666961,27984.84883208462,2165,3616,10672.032794457275,41914.95022123894,42.97928406466512,77.60285398230089,12502,6916,56363.617553499134,82.19836032388663,609,77183.32512315271,162.83889983579638,5264,60210.07465805471,80.43212196048633,0.243,0.7106709312520839,0.13775516504686516,0.6292245629762439,0.4555271156614942,1.1399538106235565,0.08805668016194332,0.7611336032388664
광진구,82691,16566,12832,30401,2016,7640,42.970222513089006,7020.834162303665,44.77879581151832,4892,37.98129803761243,3502.5500817661487,37.806214227309894,8237,54.17751729998786,21850.821658370765,3940,1797,12072.866243654822,46857.289927657206,44.74280203045686,86.02172509738453,15877,5927,48536.94972161296,85.70748608064788,862,87270.66357308584,206.78168213457076,2453,58939.57725234407,82.39632286995516,0.223,0.36764581393380175,0.20033619136302622,0.7745985753953881,0.481199218996032,1.2416243654822334,0.14543613969967945,0.41386873629154713
동대문구,96464,20325,11171,57350,2016,5525,43.02673122171946,5310.971945701357,45.86190045248869,2840,36.242077464788736,2554.0855633802817,34.88661971830986,6021,55.208681282179036,18661.275701710678,2692,2288,9120.672734026746,32333.621066433567,41.31430906389301,77.7900611888112,11546,7453,37509.32121293439,76.56585401851603,1095,51631.244748858444,134.86164383561643,4448,41920.24977517986,76.83431429856115,0.209,0.5945223088406038,0.21070036490296898,0.5496186961869619,0.47852069980945783,1.0549777117384844,0.14692070307258823,0.5968066550382396
중랑구,102387,20430,14943,50343,2016,5692,46.967545678144766,4534.252108222066,37.78197470133521,3641,44.77572370227959,2710.845921450151,32.947541884097774,7752,55.794167956656345,15710.385577915376,3583,2603,9550.124755791236,24447.42105263158,49.42307563494278,71.64730695351517,13444,6804,34119.016901822455,86.24291446208113,1415,58311.53144876325,177.75065017667845,3318,32721.736889692587,71.57560578661844,0.204,0.4916932813736119,0.19953705060212723,0.731424375917768,0.42338589705444807,1.0161875523304493,0.20796590241034685,0.4876543209876543
성북구,128502,25928,10855,69981,2016,6175,50.184693117408905,6719.397894736842,45.77473684210526,3337,40.957150134851666,2873.882229547498,35.67126161222655,7824,62.0674450408998,21514.756007157463,2937,3605,9490.619679945523,34084.94368932039,47.49029962546817,78.18019972260748,13999,9527,39197.76319932823,81.63906266400755,1357,54699.512896094326,138.92788504053058,5748,43367.49495476687,80.60553757828811,0.152,0.5445907456693281,0.20177117865869793,0.41865936439370566,0.4411029359239946,1.1361933946203608,0.14243728351002413,0.6033378818095938
강북구,93623,18870,10722,32652,2016,3967,45.60990925132342,3801.1802369548777,38.9831106629695,2454,40.78919722901386,1976.700488997555,33.12102689486552,4824,55.8075912106136,15024.997305140962,2213,1456,7946.058743786715,28037.76923076923,46.132959783099864,75.43947802197802,8791,5933,28780.425754255855,75.37237990898366,1159,47546.468507333906,143.20606557377047,2013,35989.517138599105,75.92918529557875,0.177,0.34876045416190465,0.20155303718103457,0.5682034976152623,0.45125696735297466,1.1089019430637144,0.19534805326141919,0.3392887240856228
도봉구,104170,9237,5940,64269,2016,3627,54.20242349048801,4724.422111938241,41.7921146953405,1260,52.67644444444445,2070.597619047619,31.367460317460317,5741,61.72998258143181,17120.97561400453,1344,3281,7259.449404761905,22887.45352026821,55.222678571428574,68.96095092959463,9368,7627,27189.443031336043,71.81322276124294,542,53258.573800738006,189.6222509225092,4793,29824.195493427917,69.9369768412268,0.242,0.6169626571949698,0.0886723624844005,0.6430659304969146,0.38716908625106744,0.9375,0.07106332765176347,0.6284253310607054
노원구,189013,7990,3666,162895,2016,7188,50.505678909293266,6172.977323316639,44.632442960489705,1373,39.65793153678077,2386.970866715222,32.22359796067006,12114,59.72517665510979,20473.942628363875,1277,9930,8277.133907595928,22748.14944612286,44.46584181675802,62.83946324269889,19302,13223,30273.644029342813,66.43226574907358,455,55654.454945054946,177.408,11234,31106.646875556347,64.62278440448638,0.244,0.8618190283208034,0.04227222466179575,0.4588235294117647,0.3723966428349394,1.0751761942051683,0.03440974060349391,0.8495802767904409
은평구,142135,17678,9310,50677,2016,6755,46.96687490747594,4747.1896373057,41.52435233160622,3056,44.936966623036646,2489.1950261780103,34.78861256544503,9047,58.52782248259091,17078.714159389852,2707,2827,9094.535648319172,29040.158825610186,50.579689693387515,81.41633887513265,15802,12792,30021.27462476548,71.47629221388368,1167,64813.44473007712,178.17833761782347,4450,41204.80404494382,79.90093483146067,0.155,0.35654131635417036,0.12437471418018081,0.5266432854395293,0.42747753448930514,1.1289250092353158,0.09122889305816136,0.34787367104440275
서대문구,92788,14981,9327,44866,2016,4672,48.899531249999995,6679.698202054795,49.81292808219178,2224,39.57872302158273,2686.802607913669,39.07014388489208,5366,60.98416884084979,21162.987141259782,1818,2161,10153.905390539054,34527.142063859326,46.17770077007701,79.36441462285978,10038,8086,40447.37472174128,79.02078778135048,851,66121.17156286721,159.04961222091657,4424,48676.11369801085,81.94154159132007,0.189,0.4835323533215502,0.1614540673362935,0.6225886122421734,0.4654313608288504,1.2233223322332234,0.10524363096710364,0.5471184763789265
마포구,118456,13685,7328,65418,2016,9473,44.444498047081176,8081.844399873325,55.948590731552834,3549,38.53727810650887,3066.796562411947,45.421808960270496,9167,56.09089669466565,24898.940220355624,2279,3499,12615.818341377797,40345.07287796513,45.74902588854761,77.25373535295799,18640,9271,48872.40297702513,74.87424765397476,788,94412.27918781726,163.49823604060913,4780,60052.583472803344,81.79912552301255,0.325,0.5522556898764098,0.11552812858783008,0.5354767994154184,0.5082081545064377,1.5572619569986836,0.08499622478697012,0.5155862366519254
양천구,137651,9547,6209,85474,2016,6172,57.198272845106935,12535.511179520416,47.09186649384316,2011,40.577881650919934,2133.418199900547,32.39333664843362,10674,63.545805696083946,27757.637717818998,1560,5783,8730.608974358975,39222.12848002767,46.59322435897435,77.61476050492823,16846,10132,41819.74318989341,76.56771121200158,616,62995.056818181816,195.99076298701297,5877,53909.18206567977,81.26331972094607,0.177,0.620947178008151,0.06935656115829163,0.6503613700638944,0.366377775139499,1.2891025641025642,0.06079747335175681,0.5800434267666799
강서구,184422,11310,7614,109403,2016,9503,43.265862359254974,5780.414816373776,43.96117015679259,2092,40.738905353728484,2302.106118546845,33.30879541108987,14953,57.33427472747944,21367.45964020598,2000,7774,8565.675,29407.519809621816,46.311795,71.31651916645228,24456,14493,33971.45615124543,70.05975022424619,739,76687.83897158322,209.63347767253046,7811,43095.083215977465,74.6629893739598,0.282,0.5932209823123055,0.061326739759898496,0.673209549071618,0.3885754007196598,1.046,0.05099013316773615,0.5389498378527565
구로구,120431,12311,8669,75180,2016,6614,45.029390686422744,5727.089507106139,43.89507106138494,2257,39.031967213114754,2056.3260965883915,33.79751883030571,8144,58.861672396856584,19546.366650294694,1831,4142,7879.695248498088,27648.046595847416,43.89780447842709,72.41622404635442,14758,9412,31456.42987675308,71.99089035274119,596,56111.66946308725,180.22023489932886,5654,35714.568977714895,73.33139016625398,0.227,0.6242578738032566,0.10222451030050403,0.7041670051173747,0.4481637078194877,1.2326597487711632,0.06332341691457713,0.6007224819379515
금천구,58938,9606,7924,27470,2016,3645,39.05366529492455,3290.662825788752,36.515775034293554,2338,36.04325064157399,1841.9050470487596,32.048331907613345,3968,50.52881804435484,13702.508568548386,1722,1157,7285.598141695703,24024.967156439066,40.68419279907084,73.20682800345722,7613,4231,32443.336090758687,84.22548333727252,625,62711.824,207.74539199999998,2098,33917.73736892278,73.89129170638704,0.201,0.46608300247717943,0.16298483151786622,0.8249011034769935,0.47878628661500067,1.3577235772357723,0.14771921531552826,0.4958638619711652
영등포구,97089,16998,11502,65390,2016,8124,45.73702855736091,7473.913958641064,48.70334810438208,3471,36.283644482857966,2489.089311437626,35.475367329299914,9216,58.664241536458334,23828.607313368055,2822,3985,9961.024450744153,37115.7174404015,42.23716513111268,80.82436386449186,17340,8596,43989.72289436947,81.40285365286181,1055,60652.02559241706,160.79049289099527,5123,50332.773960569975,80.21272301385908,0.21,0.6735057524539341,0.17507647622284708,0.6766678432756795,0.4685121107266436,1.2299787384833452,0.12273150302466264,0.595974872033504
동작구,111438,16283,10546,58232,2016,8124,44.98664943377646,8719.002954209749,45.57447070408666,4223,35.16160312574,3162.3978214539425,36.336490646459865,9169,57.60977314865307,24173.86258043407,3350,3371,10509.479402985075,42371.19252447345,40.72582388059702,82.01265796499554,17293,8209,49415.16372274333,85.01075283225728,974,78782.96406570842,173.61522587268996,4914,55666.45889295889,83.20297517297517,0.271,0.5225506559701358,0.14611712342288985,0.647669348400172,0.46978546232579654,1.2605970149253731,0.11865026190766233,0.5986112803021074
관악구,123911,22636,15113,54551,2016,10852,36.83713969775157,4715.5426649465535,39.97650202727608,6746,33.1401660243107,2919.8040320189743,35.97257634153573,9576,48.29347639933167,16523.17804928989,4755,2340,10018.338590956888,31721.3047008547,39.2628832807571,76.0126623931624,20428,7954,35386.02828765401,80.13471083731456,1106,76342.34810126582,209.53618444846293,3358,38179.315366289455,73.84048838594401,0.256,0.44024340050520133,0.1826795038374317,0.6676532956352712,0.5312316428431565,1.4187171398527865,0.13904953482524515,0.4221775207442796
서초구,129491,6696,4460,92424,2016,8714,61.21452145971999,17848.0099839339,78.7767959605233,2323,43.294972018941024,5241.027120103315,47.384416702539816,10771,75.93907715161082,44082.12180856002,1457,6288,18266.78105696637,59231.20372137405,54.755696636925194,93.39713422391858,19485,8423,89567.38442360204,91.03862756737504,301,186046.68106312293,280.59441860465114,5353,110540.52923594246,99.41136745750048,0.226,0.7137484458379347,0.0517101574626808,0.6660692951015532,0.4472158070310495,1.5943719972546329,0.03573548616882346,0.6355217855870829
강남구,176135,7470,4924,130924,2016,12216,61.01448510150622,18918.513015717093,86.0387197118533,2580,45.512228682170544,6080.26007751938,54.27596899224806,14128,72.79604261041902,45099.92164496036,1923,9413,18711.38845553822,56380.92191649846,53.3539365574623,84.40374800807393,26344,10524,91784.59758646903,84.01962656784492,279,264277.75268817204,370.0683154121864,7157,107725.58893391085,87.08763168925528,0.305,0.7433162063190166,0.04241065092116842,0.6591700133868809,0.4637109019131491,1.3416536661466458,0.026510832383124287,0.6800646142151273
송파구,191349,9875,6557,113627,2016,13160,53.9503594224924,14987.449088145897,55.860030395136775,2590,39.35921621621621,3692.1718146718144,36.525482625482624,17818,65.56305421483893,34108.230665619034,1958,9520,11966.343207354443,48554.69338235294,45.98012768130746,83.28524579831934,30978,13411,60960.25359779286,77.54768399075385,477,97735.18448637317,232.81574423480083,8802,75297.83708248126,83.054844353556,0.24,0.5938207150285604,0.0516072725752421,0.664,0.424817612499193,1.3227783452502553,0.03556781746327641,0.6563268958317798
강동구,116063,11035,8207,71613,2016,7853,48.94541067108111,7883.471030179549,43.60944861836241,3383,43.03649423588531,3680.745787762341,34.90097546556311,11295,60.669117308543605,23009.734395750333,2846,5047,11122.645818692903,32870.6372102239,48.70367884750527,79.4012026946701,19148,10244,45984.791585318235,75.34231843030066,507,93737.74556213018,231.94272189349113,6697,52296.840226967295,77.00792145736897,0.297,0.6170183434858655,0.09507767333258661,0.7437245129134572,0.4101211614790056,1.1886858749121574,0.04949238578680203,0.6537485357282311
종로구,45787,12920,4032,14507,2017,2379,46.70797393862968,7498.614964270702,61.62547288776797,1017,40.242605703048184,4187.2271386430675,45.29891838741396,2640,63.74600378787879,29414.23106060606,842,979,15414.57244655582,48520.53115423902,51.929893111638954,77.98046986721144,5019,2490,49647.62329317269,77.80689156626507,482,75735.52489626556,113.63929460580913,885,58548.96723163842,79.8473559322034,0.26966667,0.3168366566929478,0.2821761635398694,0.31207430340557274,0.4739988045427376,1.2078384798099762,0.19357429718875502,0.35542168674698793
중구,39512,6308,2452,23874,2017,2225,48.409824719101124,7770.480449438202,70.36449438202247,704,37.782599431818184,3089.119318181818,47.31676136363637,2548,60.87041208791209,31406.246467817895,572,1268,12589.86013986014,46344.92586750789,46.93284965034965,79.14875394321766,4773,2101,56012.75725844836,78.36854831032842,223,98283.52914798206,142.46255605381165,1304,61726.83435582822,81.40582055214725,0.26658332,0.6042215023284065,0.1596477019639603,0.388712745719721,0.46616383825686153,1.2307692307692308,0.10613993336506425,0.6206568300809139
용산구,71356,14993,7693,35648,2017,4234,53.91200283419934,8477.073925366085,68.28530940009448,1955,43.94702813299233,2833.0920716112532,47.582097186700764,6154,65.63056873578161,30918.680532986677,1659,2438,12307.004219409282,51822.372026251025,51.14742013261001,91.80698933552092,10388,4916,86218.03376729049,90.65845199349064,822,106339.97323600973,127.98940389294403,2488,105680.0691318328,101.3764188102894,0.42550004,0.49957957284601157,0.21011547732496216,0.5131061161875542,0.40758567577974586,1.1784207353827607,0.16720911310008138,0.5061025223759154
성동구,86650,11044,6899,62985,2017,6334,49.11676823492264,9324.249447426586,67.69718976949795,2709,32.77671096345515,2751.856773717239,38.26024363233665,8067,63.144336184455184,32745.393702739555,2179,4659,11091.06011932079,47007.96222365314,41.74039926571822,79.11081133290406,14401,6365,64411.94626865671,82.2337501963865,555,86482.85045045045,156.50935135135134,4777,69173.81829600167,82.05620263763868,0.4251667,0.7268897864974033,0.12745527986151184,0.6246830858384643,0.4398305673217138,1.2432308398347867,0.08719560094265515,0.7505106048703849
광진구,84316,16297,12585,30301,2017,7865,42.931933884297514,6185.4605212968845,45.294342021614746,5011,39.7612193175015,3416.3027339852324,37.599481141488724,9194,53.09093865564499,23200.96204046117,4034,2068,12561.638572136837,48071.092843326885,45.409990084283585,83.2408413926499,17059,5806,51554.07853944196,83.47006372717878,725,100641.53793103449,217.6426620689655,2413,65424.87608785744,84.72390799834231,0.35500002,0.359374258740927,0.19328478580577826,0.7722280174265203,0.46104695468667567,1.242191373326723,0.1248708232862556,0.4156045470203238
동대문구,97891,19954,10959,58161,2017,5323,43.05203080969378,5065.304903250047,47.32782265639677,2513,37.72030640668524,2440.274572224433,36.17270194986072,6282,56.626496338745625,20595.753900031836,2400,2554,9771.8,33581.84338292874,43.40167916666667,77.52242364917775,11605,7293,40167.55683532154,74.49755930344165,1039,53623.538017324354,124.72070259865255,4192,45363.677719465646,76.3525715648855,0.32708332,0.5941404214892074,0.2038389637453903,0.5492131903377769,0.45868160275743214,1.0470833333333334,0.14246537775949542,0.5747977512683395
중랑구,103740,19669,14355,51031,2017,5892,45.86993211133741,3919.016123557366,37.67226748133062,4088,44.931949608610566,2653.7688356164385,32.99730919765166,8102,53.90971611947668,16125.813009133548,4116,2311,9744.898445092324,27320.125054089138,48.92640427599611,70.21219385547383,13994,6111,35477.595974472264,83.49733758795614,1095,61894.12146118721,177.9488675799087,3188,35397.08626097867,72.585630489335,0.30566666,0.49191247349142087,0.18959899749373432,0.7298286643957497,0.4210375875375161,0.9931972789115646,0.1791850760922926,0.5216822124038619
성북구,130766,25457,10682,71571,2017,5797,49.47602035535622,6185.332068311195,46.49197860962567,3170,41.699015772870666,2709.070031545741,36.45993690851735,7770,62.74437837837838,23117.867696267695,2648,3804,10072.960725075529,34936.72975814932,48.559728096676736,77.88203207150369,13567,8686,42141.928160257885,80.37639419755929,1279,58799.8506645817,132.3387177482408,5365,45786.7945945946,79.06854986020504,0.25683334,0.5473211691112368,0.19467598611259807,0.4196095376517264,0.4272867988501511,1.197129909365559,0.14724844577481003,0.6176606032696292
강북구,94526,18369,10463,33458,2017,4014,44.209666168410564,3131.6709018435477,38.752615844544096,2716,41.1504528718704,1862.6417525773195,33.640648011782034,4611,55.137230535675556,15196.26848839731,2214,1309,8055.058717253839,28921.51642475172,45.960140018066845,76.7663101604278,8625,5310,30677.404331450096,75.6196308851224,975,54552.07487179487,153.68748717948716,1885,37431.12413793104,74.6596923076923,0.303,0.35395552546389353,0.1943274866174386,0.56960095813599,0.4653913043478261,1.2267389340560073,0.18361581920903955,0.3549905838041431
도봉구,104752,9014,5800,64352,2017,3679,51.46686327806469,3764.5428105463443,42.452840445773305,1445,48.885916955017294,1805.949480968858,31.52318339100346,5771,60.607314156991855,17736.540980765898,1332,3227,7522.597597597598,23626.32104121475,52.120848348348346,69.37138828633405,9450,6421,29061.439028188757,71.7918252608628,448,55184.15178571428,187.8955357142857,4114,32261.16577540107,70.29455274671852,0.28033334,0.6143271727508782,0.08605086299068275,0.6434435322831151,0.38931216931216933,1.084834834834835,0.06977106369724342,0.6407101697554898
노원구,187025,7081,3491,161701,2017,7062,47.134080996884734,5018.454970263381,44.96856414613424,1780,35.30303370786517,2061.293820224719,33.04831460674157,11688,58.966368069815196,21031.310574948664,1323,9451,8371.315192743765,23606.57464818538,41.48170068027211,62.676469156703,18750,11760,32679.301105442177,65.32445833333334,371,54370.56064690027,148.07304582210242,9966,34026.48434677905,64.8648183825005,0.35558334,0.864595642293811,0.037861248496190346,0.4930094619404039,0.37664,1.345427059712774,0.03154761904761905,0.8474489795918367
은평구,143727,16416,8767,52000,2017,6798,45.00309061488673,4438.417328626067,43.271844660194176,2873,45.8827671423599,2586.335189697181,35.56526279150714,9469,57.32011511247228,19142.474812546203,2389,3047,9751.5140226036,31744.958647850344,51.219640016743405,78.18685920577617,16267,10590,31773.595467422096,67.95638054768649,788,66020.49111675126,163.5357614213198,3790,45038.05567282322,78.97258839050131,0.27216664,0.36179701795765584,0.11421653551524766,0.5340521442495126,0.4179012725149075,1.2025952281289243,0.07440982058545798,0.3578847969782814
서대문구,94398,13939,8822,47445,2017,4472,46.72453711985689,6857.975849731663,49.818425760286225,2124,37.90169020715631,2730.4863465160074,38.78107344632768,5878,61.71971929227629,25310.397924464105,1777,2746,11062.303320202589,38987.021121631464,46.38509285312324,77.42515294974508,10350,6347,42944.979832991965,75.43742082873798,596,70170.56040268457,151.83788590604027,3485,51553.6,78.38033572453371,0.283,0.5026059874149876,0.1476620267378546,0.6329004950139895,0.4320772946859903,1.1952729319077096,0.0939026311643296,0.549078304710887
마포구,118355,12607,6733,66349,2017,9255,43.7096002160994,7588.54262560778,58.30923824959481,3381,38.382552499260576,2932.24016563147,47.659568175096126,9897,56.58452460341518,28580.591492371426,2007,4356,13161.684105630295,43679.22727272727,44.88602889885401,75.82882001836548,19152,8433,54740.623502905255,72.1705466619234,608,104042.83717105263,156.76879934210524,4752,66668.10500841751,79.20212121212121,0.433,0.5605931308351992,0.10651852477715348,0.5340683747124614,0.4832393483709273,1.6846038863976083,0.07209771137199099,0.5635005336179295
양천구,137056,8370,5712,85758,2017,5210,56.72309596928983,12144.58848368522,49.13109404990403,1682,40.595648038049944,2245.5713436385254,32.799048751486325,10988,64.23057426283218,29264.83764106298,1440,6271,9181.076388888889,39776.04433104768,46.77617361111111,77.69684739276032,16198,8184,46333.995845552294,74.51082478005864,355,70379.77746478873,197.7909295774648,4732,61157.60418427726,80.92994294167372,0.31075,0.6257150361895868,0.061069927620826525,0.6824372759856631,0.3216446474873441,1.1680555555555556,0.04337732160312806,0.5782013685239492
강서구,188176,10895,7399,111037,2017,9756,39.18862238622386,4329.293050430504,46.09737597375974,2007,42.71757349277529,2254.462879920279,34.95117090184355,15953,52.97541653607472,21478.5588917445,1894,6979,9143.117212249208,31248.365668433875,48.22061774023231,70.89859005588194,25709,11133,35329.0066469056,66.9383706098985,467,80736.40042826552,210.99961456102784,5844,46193.81245722108,72.90694729637235,0.44525,0.5900699345293767,0.05789792534648414,0.67911886186324,0.37947800381189467,1.059662090813094,0.04194736369352376,0.5249258959849097
구로구,121684,12008,8504,75540,2017,6433,43.91222291310431,5124.199284937044,43.977304523550444,2250,38.97527111111111,1953.7884444444444,33.20666666666666,8550,58.138483040935675,20053.950175438596,1892,4295,8137.5237843551795,27977.204423748546,44.22330338266385,70.82234225844005,14983,8483,33254.13179299776,70.66776965696097,543,58989.44935543278,164.6094290976059,4864,38815.92393092105,73.39198807565789,0.3050833,0.6207882712599849,0.09868183162946649,0.7081945369753497,0.4293532670359741,1.1892177589852009,0.06401037368855358,0.5733820582341153
금천구,62314,9410,7723,29385,2017,3781,38.56103676276118,2936.709865115049,37.274266067178,2363,37.26943715615742,1821.8125264494288,31.77316969953449,4308,50.12969127205199,14651.455896007428,1782,1271,7912.530864197531,24414.871754523996,42.47398428731762,70.06202989771833,8089,3692,32737.24593716143,78.81175514626219,411,68209.96107055961,211.42401459854017,1793,35306.31455660903,72.98806469604015,0.32041666,0.4715633725968482,0.1510094039862631,0.8207226354941551,0.4674248980096427,1.3260381593714927,0.11132177681473455,0.48564463705308775
영등포구,99225,15401,10529,68204,2017,7664,44.04298016701462,6547.680584551148,49.31837160751566,3406,35.53051967116853,2410.984145625367,35.704345273047565,10287,57.917028288130645,25933.23991445514,2734,4586,10638.734089246525,39006.104666375926,41.37313094367227,78.96219799389446,17951,7627,49557.55473974039,79.18640225514618,877,69757.70353477765,153.22570125427595,4729,56155.67942482555,78.93148022837809,0.32941666,0.6873670949861426,0.15521289997480472,0.6836569053957535,0.42694000334243215,1.2457937088514996,0.11498623311918185,0.6200340894191687
동작구,111548,15626,10278,58320,2017,8434,44.57403011619635,7660.328669670382,46.151173820251365,4747,36.96642300400252,2962.250052664841,37.300400252791235,10115,57.41782501235789,25234.72545724172,3892,3684,10811.884635149023,44892.734527687295,41.19284172661871,82.39743213897937,18549,7795,53450.51494547787,83.4302706863374,897,88598.28985507246,174.33583054626533,4328,62489.26455637708,84.88070009242143,0.36600003,0.5228242550292251,0.14008319288557392,0.6577499040061436,0.454687584236347,1.2196813977389518,0.11507376523412444,0.555227710070558
관악구,124170,22196,14823,53548,2017,11239,36.360717145653524,4322.667764035947,41.08924281519708,6932,34.2609564339296,2810.0115406809,37.32862088863243,10318,47.6773841829812,17308.284648187633,5120,2539,10602.3095703125,32437.63528948405,38.903902343750005,74.31706183536825,21557,7294,39074.996024129425,80.94904167809159,1026,88565.6179337232,210.66574074074072,3294,40429.838190649665,74.57271706132362,0.33108336,0.4312474832890392,0.17875493275348311,0.6678230311767887,0.5213619705895997,1.35390625,0.14066355908966274,0.45160405812996984
서초구,128977,6491,4379,91064,2017,8775,61.820159544159544,18299.238860398862,84.21481481481482,2266,45.85614298323036,5110.969108561341,47.59090909090909,11158,74.08160243771286,46238.76823803549,1488,6321,19014.583333333332,63061.20439803829,55.7836626344086,91.85002531245057,19933,8023,98583.56013959866,91.44055714819892,235,221437.18723404256,306.2556595744681,5253,120252.2701313535,99.84284028174376,0.35925004,0.7060483652124022,0.05032680245315056,0.674626405792636,0.4402247529222897,1.5228494623655915,0.02929078898167768,0.654742614981927
강남구,173282,7334,4825,127206,2017,12197,60.247048454538,18181.511191276542,88.34902025088137,2814,47.391058990760484,5454.420042643923,55.70717839374556,14840,72.85518396226415,48320.564959568736,2019,9619,19839.276869737492,61755.48861628028,55.44196136701338,85.23320719409502,27037,9997,107683.86535960788,85.99867060118035,236,303593.17372881353,361.26322033898305,7049,125527.9388565754,89.62303163569301,0.40266666,0.7340981752288178,0.042324072898512255,0.6578947368421053,0.4511225357842956,1.3937592867756314,0.023607082124637392,0.705111533460038
송파구,196672,9322,6274,117214,2017,13977,51.43702081991844,12819.134077412893,59.428990484367176,2612,39.80908882082695,3546.083460949464,36.43683001531394,19062,63.49838212149827,34680.26356101144,2110,9662,11989.41943127962,50489.66156075347,46.28020853080569,82.73413475470916,33039,12195,67135.01049610497,76.09754653546536,296,108793.26013513513,246.14300675675676,8070,84055.26332094175,83.82354646840149,0.37574998,0.5959872274650179,0.04739871461112919,0.6730315382965029,0.42304549169163713,1.2379146919431279,0.024272242722427225,0.6617466174661747
강동구,120940,10742,7929,75263,2017,8299,48.42074225810339,7254.147126159778,45.003735389806,3493,43.959719438877755,3437.9756656169484,34.26023475522474,13548,60.20012769412459,26205.16725715973,2835,6606,11719.788712522046,36697.340145322436,49.80873015873016,76.66107629427793,21847,10222,52225.15437292115,77.42944237918216,461,106383.09761388287,254.63511930585682,6956,59676.802185163884,78.69309373202991,0.33675,0.6223168513312386,0.08882090292707127,0.7381307019177062,0.37986908957751636,1.2320987654320987,0.045098806495793384,0.6804930541968304
종로구,45729,12699,3994,14530,2018,2479,44.1538765631303,6477.304961678096,57.422347720855186,1153,38.82562879444926,3921.717259323504,45.564614050303554,2641,60.558826202196144,25551.376372586143,969,704,15393.828689370484,44861.904829545456,51.38118679050568,80.73291193181818,5120,2365,56946.416490486255,81.34487949260043,455,108306.38461538461,137.63024175824177,799,62398.8986232791,82.11763454317898,0.47191668,0.3177414769621028,0.2777012399134029,0.31451295377588784,0.4841796875,1.1898864809081526,0.19238900634249473,0.3378435517970402
중구,40177,6209,2425,24417,2018,2231,47.43840430300314,7576.244285073958,68.16494845360825,756,39.415727513227516,3404.727513227513,47.620370370370374,3213,57.71778400248988,30695.091503267973,706,1534,13141.85552407932,45343.32073011734,46.59398016997167,75.07312255541069,5444,2378,60575.43986543314,78.02493271656854,295,98331.14915254238,134.77433898305085,1410,68109.86241134752,82.0359645390071,0.4334167,0.6077357692211962,0.1545411553874107,0.3905620872926397,0.40980896399706096,1.0708215297450425,0.124053826745164,0.5929352396972245
용산구,71680,14792,7609,35728,2018,4369,54.085902952620735,7865.887617303731,70.63012130922408,2190,42.577287671232874,2681.9173515981734,46.63470319634703,7092,64.60174562887761,31751.507332205303,1926,2823,12414.254932502596,53592.35742118314,48.71382139148495,90.77152674459794,11461,5014,92831.47068209015,87.755021938572,777,129222.0296010296,144.77229086229087,2002,131362.73176823178,106.5173126873127,0.6899167,0.4984375,0.20636160714285715,0.5143996755002704,0.38120582846173984,1.1370716510903427,0.15496609493418428,0.3992820103709613
성동구,87830,10944,6851,63976,2018,5961,49.57890790135883,9039.503774534474,69.842476094615,2537,34.664942845880965,2840.2877414268823,38.33937721718565,9566,62.421038051432156,35041.10390968012,2355,5630,11193.779617834394,50072.96696269982,41.87204246284501,77.81015630550621,15527,4811,75798.52629390979,82.26785699438786,512,108837.697265625,166.57625,3338,81757.41881366087,79.9341072498502,0.595,0.7284071501764773,0.1246043493111693,0.6260051169590644,0.38391189540799897,1.0772823779193206,0.1064227811265849,0.6938266472666805
광진구,85638,16002,12292,30425,2018,8597,41.268487844596955,5604.36489473072,45.921135279748746,5760,38.00668576388889,3180.350520833333,38.19982638888889,10306,52.690292062876,24311.70133902581,4531,2519,12626.395939086295,49969.630408892415,43.04215846391525,81.7896943231441,18903,4728,60429.75824873096,90.16237732656514,702,125265.38888888889,242.45242165242166,1670,79620.63413173653,87.09606586826347,0.46149996,0.35527452766295337,0.1868563021088769,0.7681539807524059,0.4547955351002486,1.271242551313176,0.1484771573604061,0.35321489001692047
동대문구,100802,19484,10796,60386,2018,6357,40.74514078968066,4284.983954695611,47.13984583923234,3383,36.02390777416495,2083.977830328111,36.49482707655927,8096,55.95491847826087,22690.814846837944,2810,3606,9866.622775800712,35871.80671103716,42.8893665480427,73.91562396006655,14453,6947,44854.12710522528,76.28733697999137,1179,64963.14503816794,137.15791348600507,3408,51084.635269953054,76.666816314554,0.50600004,0.5990555742941608,0.19328981567826034,0.5540956682406076,0.43983947969279735,1.203914590747331,0.1697135454152872,0.4905714696991507
중랑구,105691,19208,13968,51475,2018,6925,46.73483610108303,3668.3484476534295,37.35494584837545,4916,46.40965825874695,2646.1531733116353,32.78681855166802,9711,52.29318710740397,16275.59345072598,4764,2765,10029.416456759027,26106.06943942134,47.13130142737195,70.5969439421338,16636,5582,40356.42798280186,87.62249552131853,946,75183.0200845666,195.30085623678644,3045,39238.43875205254,74.47594417077175,0.36791667,0.4870329545562063,0.18173732862779235,0.7271970012494794,0.4162659293099303,1.031905961376994,0.169473307058402,0.5455034037979218
성북구,129994,24207,10257,71754,2018,5900,47.823052542372885,5570.005762711864,46.52338983050848,3397,41.57413011480718,2841.7279952899617,36.754489255225195,8586,61.55485441416259,24134.480899138132,2882,4157,10140.978487161694,36678.455376473416,46.26182859125607,77.47876353139283,14486,9385,44499.489824187534,79.27414171550346,1212,62913.93811881188,132.40233498349835,5645,49632.754827280776,79.98786182462355,0.46491662,0.5519793221225595,0.18621628690554948,0.4237204114512331,0.4072897970454232,1.1786953504510755,0.1291422482685136,0.6014917421417155
강북구,95097,18185,10348,33282,2018,4009,44.271095036168624,3060.0616113744077,39.03591918184086,2844,40.48962376933896,1750.689170182841,33.83790436005626,5126,54.2314494732735,15934.492391728443,2455,1500,8270.199185336049,29964.142666666667,44.624183299389,74.90444666666667,9135,5276,33414.56823351023,75.11709059893859,773,57321.14100905563,153.74115135834413,2105,41695.282660332545,76.79145843230404,0.41791666,0.3499794946212814,0.19122580102421738,0.5690404179268628,0.4388615216201423,1.1584521384928717,0.1465125094768764,0.3989764973464746
도봉구,105526,8903,5737,64580,2018,3637,48.88906516359637,3379.5144349738794,42.91119054165521,1518,44.65201581027667,1801.8603425559947,32.27733860342556,6136,57.95187744458931,17820.3536505867,1381,3311,7763.874004344678,23583.1117487164,47.3942867487328,67.55278767743884,9773,6084,32051.744247205785,72.84062623274161,317,68295.76656151419,216.19744479495267,4096,35577.9970703125,72.0440234375,0.35841665,0.6119818812425374,0.0843678335197013,0.6443895316185555,0.372147754016167,1.0992034757422158,0.05210387902695595,0.673241288625904
노원구,186533,6783,3361,161273,2018,6424,47.31427148194272,4688.9497198007475,44.26214196762142,1486,39.50155450874831,2063.273889636608,32.30820995962315,11938,59.403612832970346,21707.528312950242,1142,9680,8382.377408056042,24176.333367768595,42.51889667250438,62.890689049586776,18362,10462,37016.075511374496,66.33003918944752,271,51491.55719557196,144.01202952029521,8995,38639.32762645914,65.91476931628682,0.37866667,0.8645816021829917,0.03636353889124176,0.49550346454371225,0.34985295719420545,1.3012259194395797,0.025903268973427644,0.8597782450774231
은평구,144611,16000,8546,52607,2018,6829,44.32894274417923,3960.179528481476,42.923121979792064,3100,45.32221935483871,2352.1232258064515,36.237096774193546,11656,56.24647477693892,19544.926046671244,2714,3829,9659.853721444362,31071.88117001828,49.454848931466465,77.18592582919821,18485,10580,36035.990359168245,68.77209829867675,730,75506.42602739726,174.45341095890413,4035,49887.895662949195,79.51925898389096,0.4398333,0.363782838096687,0.1106416524330791,0.534125,0.36943467676494457,1.142225497420781,0.06899810964083176,0.3813799621928166
서대문구,94884,13378,8567,48277,2018,4630,44.72277321814255,6101.161339092872,50.36846652267818,2202,38.340190735694826,2738.0004541326066,39.86330608537693,6990,59.387208869814025,24703.172818311876,2183,3191,10833.215758131013,38342.41240990285,45.13857535501603,75.75168912566593,11620,5801,48953.780037924495,79.07969143251164,612,81764.08169934641,168.50563725490196,3141,57393.49602037568,79.5616905444126,0.43558335,0.5088002192150415,0.1409932127650605,0.6403797279114964,0.3984509466437177,1.0087036188731104,0.10549905188760558,0.5414583692466816
마포구,118619,12225,6598,66582,2018,9549,41.472093412922824,6808.02000209446,57.94941878730757,3342,38.53679533213644,2791.429383602633,47.498503889886294,11976,55.37431780227121,29780.36765197061,2257,5203,13387.915374390785,46557.073419181244,45.29189632255206,75.7844070728426,21525,6960,61159.019540229885,72.41083477011495,512,119012.23046875,163.84951171875,3538,79475.68541548897,81.43727247032221,0.65216666,0.561309739586407,0.10306106104418347,0.5397137014314929,0.44362369337979096,1.480726628267612,0.0735632183908046,0.5083333333333333
양천구,137850,7990,5515,85921,2018,5111,54.769133242026996,10563.16024261397,49.79221287419292,1911,40.914311878597594,2204.03663003663,33.19047619047619,12330,62.93391727493917,30755.0401459854,1575,6768,9648.92253968254,42776.293291962174,45.95673015873016,77.71420656028369,17441,7853,50395.91964854196,75.01421240290335,330,85468.67878787879,226.46784848484847,4464,67053.71594982079,81.64120519713262,0.41366673,0.6232934348929996,0.057961552412042074,0.6902377972465582,0.2930451235594289,1.2133333333333334,0.04202215713739972,0.5684451801859162
강서구,190525,10697,7247,111811,2018,9262,39.772743467933495,4734.970632692723,46.53303822068668,1961,42.04512493625701,2241.7180010198877,34.7715451300357,18957,52.39452339505196,22812.39842802131,2057,8331,9273.376276130286,32647.94238386748,46.15534273213417,70.88161685271876,28219,11025,39082.994376417235,66.83184036281179,427,93989.78922716627,228.7639344262295,5579,53143.7343609966,75.076734181753,0.48275003,0.5868573677995014,0.056144862878887286,0.6774796671964102,0.3282185761366455,0.9533300923675255,0.03873015873015873,0.506031746031746
구로구,124569,11827,8396,77194,2018,6695,42.082760268857356,5005.0873786407765,43.43300970873786,2492,37.30378410914928,1857.0313001605136,33.46629213483146,9938,55.86450392433085,20750.19752465285,2146,4755,8241.291239515378,29709.999369085173,42.019897483690585,70.16646477392219,16633,8058,37000.14432861752,71.04935840158848,433,70241.94919168591,183.76612009237874,4782,43270.851526557926,74.20236302802175,0.4305,0.619688686591367,0.09494336472155994,0.709901073814154,0.402513076414357,1.1612301957129543,0.05373541821792008,0.5934475055845123
금천구,65244,9217,7546,30918,2018,4701,35.995722186768774,2591.364603275899,37.40778557753669,2834,35.63342625264644,1719.164079040226,32.02505292872265,5322,47.42124013528748,16327.620255543028,1833,1583,8342.850518276051,26317.17561591914,40.57801418439716,68.23296904611497,10023,3616,35348.17146017699,78.65911227876106,376,84524.61436170213,228.21510638297875,1679,37605.51518761167,74.14335318642048,0.38275003,0.47388265587640244,0.1412696952976519,0.8187045676467397,0.46902125112241844,1.5460992907801419,0.10398230088495575,0.46432522123893805
영등포구,99971,14644,9941,68984,2018,7526,42.984483125166086,5993.619984055275,49.566170608557,3578,35.998328675237566,2421.1716042481835,35.62772498602571,11819,53.99467213808275,25791.177510787715,2928,4902,10346.256830601093,39392.13219094247,38.74488387978142,76.50387392900856,19345,6555,56261.163844393595,77.6485400457666,672,83985.60267857143,158.9972767857143,3797,66753.99683961022,79.5988780616276,0.51066667,0.6900401116323734,0.14648247991917657,0.6788445779841573,0.38904109589041097,1.2219945355191257,0.10251716247139588,0.5792524790236461
동작구,112032,14889,9908,59188,2018,9134,43.53626012699803,6784.228815414933,47.50711626888548,5452,37.150577769625826,2877.6381144534116,38.36408657373441,12295,55.63366653111021,26598.141195607972,4763,4610,11210.479529708167,46926.00151843818,37.5339659878228,80.2979240780911,21429,6219,59176.013185399584,82.5557565525004,680,109688.66323529412,188.22769117647059,3149,70913.50841536996,83.56666878374087,0.65283334,0.5283133390459869,0.13289952870608399,0.6654577204647727,0.4262448084371646,1.144656728952341,0.10934233799646245,0.5063515034571474
관악구,125148,21584,14419,53915,2018,12554,34.64099968137645,4012.8506452126812,40.978492910626095,8079,33.022114123035024,2830.094937492264,37.56578784503033,12539,44.73914187734269,17383.536406411993,6481,2820,10721.790001542971,33603.256382978725,35.474235457491126,73.04323758865247,25093,6896,44613.52030162413,83.32233903712297,897,105614.08807134895,221.26739130434783,3104,47050.68202319588,76.38902384020618,0.38808334,0.4308099210534727,0.17246779812701762,0.6680411415863603,0.5002988881361335,1.2465668878259528,0.1300754060324826,0.45011600928074247
서초구,132040,6395,4323,93299,2018,8997,61.379203067689225,17785.793375569636,88.22274091363788,2373,48.150113780025286,5473.859671302149,49.34428992836072,13160,73.00660106382979,49987.555927051675,1667,7793,19252.624475104978,67490.58154754266,55.060305938812235,89.59902091620685,22157,6083,111273.04915337826,93.1831711326648,203,261566.05418719212,343.4565517241379,3576,145886.76621923936,104.74934563758389,0.53041667,0.7065964859133596,0.048432293244471375,0.675996872556685,0.40605677663943673,1.423515296940612,0.0333716915995397,0.5878678283741575
강남구,171431,7283,4823,124418,2018,12360,60.546817961165054,17955.584061488673,91.70404530744337,3068,50.96660691003911,5148.850717079531,57.99380704041721,16648,71.67773906775588,50977.923053820276,2482,10275,19725.080580177277,67974.22102189781,55.24641821112006,86.06734695863747,29008,6928,121935.27266166282,89.58847863741339,209,385475.16267942585,431.79966507177033,4263,153023.46868402534,95.14856439127375,0.52033335,0.7257613850470451,0.0424835648161651,0.6622271042152958,0.42608935466078324,1.2360999194198228,0.03016743648960739,0.6153290993071594
송파구,199739,8441,5997,119226,2018,14039,49.928078923000214,11969.882683951848,60.52895505377876,2899,40.1605036219386,3344.642290444981,36.63780614004829,21691,61.46338066479185,35412.20114333134,2235,10610,12334.697986577181,52705.86908576814,46.147736017897095,81.59782092365693,35730,9657,73073.56849953401,75.58560111835975,292,123598.70547945205,256.36195205479453,5671,98824.22429906542,85.53297831070358,0.48241666,0.5969089662008922,0.0422601494950911,0.7104608458713423,0.3929191155891408,1.2970917225950782,0.030237133685409548,0.5872424148286217
강동구,122718,10467,7692,75473,2018,7783,45.03406398560966,6404.807015289734,43.562251060002566,3710,42.34416172506739,3103.0256064690025,34.350404312668466,12804,56.55907606997813,26084.711105904404,3167,5347,11224.493211240922,40142.85393678698,47.02639090622039,75.94410323545914,20587,7444,54980.21520687802,77.78224610424503,534,113376.46441947565,250.45078651685392,4322,65572.43405830635,77.79722350763535,0.46266666,0.6150116527322805,0.08529311103505598,0.7348810547434795,0.37805411181813764,1.171455636248816,0.07173562600752284,0.5806018269747447
종로구,46440,12421,4053,15290,2019,2526,44.41295724465559,7524.56927949327,60.958432304038006,1090,37.416394495412845,3871.078899082569,46.611926605504586,2965,60.324981450252956,30333.72849915683,885,1042,15641.016949152543,51642.89347408829,49.677016949152545,76.4352207293666,5491,1809,59949.83360972913,77.65542288557214,339,99505.70206489676,129.8258112094395,578,79247.30103806229,78.10904844290657,0.36425003,0.3292420327304048,0.2674633936261843,0.3263022300941953,0.4600254962666181,1.231638418079096,0.18739635157545606,0.3195135433941404
중구,41754,6035,2461,25823,2019,2615,43.220474187380496,6392.422179732313,68.81606118546846,774,38.60789405684754,3306.9121447028424,47.145994832041346,3100,53.912235483870965,29958.901612903224,697,1323,12858.96700143472,45991.457294028725,44.62233859397418,73.1410582010582,5715,1609,70037.87569919204,76.36671224362958,194,124616.72164948453,133.88546391752575,904,80913.57743362832,81.91485619469026,0.38841662,0.6184557168175504,0.14453705034248215,0.4077879038939519,0.4575678040244969,1.1104734576757531,0.12057178371659416,0.5618396519577378
용산구,72463,14487,7554,36181,2019,4101,54.18455498658864,8634.2804194099,74.19726895879054,1942,41.7711122554068,2820.3192584963954,47.790937178166836,7630,61.225327653997375,32333.186631716908,1906,2947,12516.322140608605,54937.423820834745,46.15292759706191,88.6837054631829,11731,3408,103295.88791079812,83.83482100938967,452,147442.7389380531,145.765796460177,1366,154144.2840409956,103.0038067349927,0.4759167,0.4993030926127817,0.19992271918082333,0.5214330089045351,0.3495865655101867,1.018887722980063,0.13262910798122066,0.40082159624413144
성동구,91037,10782,6899,67058,2019,5867,46.77451678881882,9078.961479461394,68.40003408897222,2576,32.620073757763976,2838.4289596273293,39.42973602484472,8705,61.66206777713958,35962.134750143596,2083,5228,11669.423907825252,50456.615531752104,39.248526164186266,76.83960405508799,14572,3971,90061.32938806346,82.20158398388315,377,146191.6551724138,184.07007957559682,2885,96066.83535528596,78.80984748700173,0.4775,0.7366016015466239,0.11843536144644486,0.6398627341866073,0.40262146582486963,1.2366778684589534,0.09493830269453538,0.7265172500629564
광진구,89132,15786,12140,32089,2019,8426,38.696412295276524,4968.37882743888,45.99620223118917,5519,36.68849972821163,3076.84109440116,39.12683457148034,10422,49.44306083285358,23934.08117443869,4387,2267,12887.909505356736,50328.46052051169,41.85632550718031,81.24003087781209,18848,4300,60277.512325581396,77.58471395348838,437,119385.823798627,232.27043478260867,1645,89529.49726443768,82.99468693009119,0.4331667,0.36001660458645607,0.17710810932100704,0.7690358545546687,0.4470500848896435,1.258035103715523,0.10162790697674419,0.3825581395348837
동대문구,104821,18990,10782,64081,2019,6515,38.933326170376056,4365.887643898695,47.74965464313124,3131,35.01543276908336,2367.8923666560204,37.32066432449697,8811,52.05351946430598,22413.4986948133,2892,3682,10064.806362378977,35256.2370994025,39.910176348547715,71.32064095600217,15326,4779,49110.22201297343,67.94397991211551,567,82177.00881834215,141.7778835978836,2562,56867.77400468384,69.63968774395003,0.4334167,0.611337422844659,0.18116598773146603,0.5677725118483412,0.425094610465875,1.0826417704011064,0.11864406779661017,0.5360954174513497
중랑구,107997,18891,13719,52162,2019,7287,44.40370385618224,3648.7756278303827,36.9331686565116,5033,44.42093184979137,2540.8654877806475,32.64216173256507,10235,48.0944279433317,17082.683927699072,4648,2726,10422.814543889845,28026.74651504035,44.35336703958692,65.64857300073368,17522,4374,40659.21810699588,78.46844307270233,625,74259.6032,187.198752,2172,43984.735727440144,69.64319060773481,0.34658334,0.4829948980064261,0.17492152559793328,0.7262188343655709,0.4158771829699806,1.0828313253012047,0.14288980338363055,0.49657064471879286
성북구,136437,23156,10112,77457,2019,6296,46.90431226175349,5353.594504447268,48.28446632782719,3181,39.89086136435083,2684.564916692864,38.403646651996226,10519,60.06504990968723,25241.533795988213,2850,5489,10431.38596491228,36202.14811441064,44.01263157894737,75.30018582619785,16815,6705,48903.28053691275,75.07778225205071,828,68942.40579710146,133.85979468599035,3631,59352.23106582209,77.75811071330213,0.40508333,0.5677125706369973,0.16971935765224977,0.4366902746588357,0.3744275944097532,1.116140350877193,0.12348993288590604,0.5415361670395228
강북구,97070,18017,10386,34590,2019,3510,43.40966096866097,2771.2561253561253,40.16837606837607,2513,39.21270990847592,1611.382809391166,35.31476323119777,4528,53.85064045936396,16718.467314487632,2032,1471,8409.975393700788,29579.720598232496,42.83398622047244,73.89813732154997,8038,3676,33046.42655059847,68.32545973884658,512,54552.1015625,136.60458984375,1239,46380.06456820016,73.12963680387409,0.36441663,0.3563407850005151,0.1856083238899763,0.5764555697396903,0.43667578999751183,1.2367125984251968,0.13928182807399347,0.3370511425462459
도봉구,106641,8835,5732,64955,2019,3661,47.10709915323682,3324.826003824092,41.633160338705274,1460,43.80343835616438,1858.4095890410958,31.454794520547946,6649,56.67166190404572,17734.675891111445,1497,3441,7973.400133600534,23634.969195001453,46.46311289245157,67.65030804998547,10310,4544,32831.165052816905,67.14616417253521,252,61618.30952380953,180.01968253968255,2659,39584.69800676946,69.32169236555096,0.31349996,0.6090996896128131,0.08284806031451318,0.6487832484436898,0.3550921435499515,0.9752839011356046,0.05545774647887324,0.5851672535211268
노원구,187376,6680,3363,161873,2019,6189,46.634126676361284,4374.504443367265,45.87914041040556,1458,39.80356652949246,2094.727709190672,33.56927297668038,11816,58.911590216655384,21824.11433649289,1171,9543,8306.917164816396,24446.5730902232,42.57360375747225,62.441685004715495,18005,7957,40789.40241296971,63.99640568053287,237,53742.0253164557,135.35050632911393,6526,43821.90285013791,64.39781949126571,0.35625002,0.8638939885577662,0.035650243360942704,0.5034431137724551,0.34373785059705636,1.2450896669513236,0.029785094885006913,0.8201583511373634
은평구,148557,15146,8199,57712,2019,7386,43.00847414026537,3753.2255618738154,42.78418629840238,3297,44.430925083409164,2392.1941158629056,35.938125568698815,13063,53.210386588073185,20030.064227206614,2897,4053,10099.267518122195,32163.67382186035,48.34924404556438,72.92656057241548,20449,7137,36872.37901078885,64.64285554154407,510,79285.23921568628,163.41507843137256,2345,53547.56034115139,74.27265671641791,0.37475,0.38848388160773306,0.10195413208398123,0.5413310445001981,0.3611912562961514,1.1380738695201933,0.07145859604875998,0.3285694269300827
서대문구,97616,12958,8394,50747,2019,4688,43.388404436860064,5640.310153583618,50.50170648464164,2258,37.461200177147916,2807.224534986714,41.03808680248007,7695,58.199697205977905,25559.177517868746,2139,3504,11223.034128097243,39032.537956621,42.63111266947171,75.44353881278538,12383,4667,54135.34818941504,73.44968716520249,413,88716.47215496367,171.78588377723972,2487,68055.71089666264,75.27932448733414,0.38149998,0.5198635469595149,0.13274463202753647,0.6477851520296342,0.37858354195267707,1.0556334735857877,0.08849367902292693,0.5328905078208699
마포구,119298,11854,6473,68111,2019,9782,41.329735227969735,6618.3922510734,59.6692905336332,3370,38.37270326409495,2961.66706231454,48.75578635014837,12550,53.72690916334661,30478.781673306774,2386,5392,13381.630343671417,47882.11665430267,42.508428331936294,74.57426928783383,22332,5618,66633.02954788182,66.91136347454609,354,133416.54802259887,165.99920903954802,2784,91631.8114224138,75.68807112068966,0.4395,0.5709316166239166,0.099364616338916,0.5460604015522187,0.43802615081497404,1.4124056999161776,0.0630117479530082,0.4955500177999288
양천구,139938,7818,5400,87387,2019,4974,54.46815842380378,10840.941696823482,51.076799356654604,1645,41.00364133738602,2175.0018237082068,34.59696048632219,12557,62.121013777176074,31001.81030500916,1492,6877,9957.99798927614,42882.94241675149,45.65278150134048,77.17523774901846,17531,6655,59241.52201352367,72.52284748309542,223,93169.45291479821,226.07403587443946,3677,83271.76774544465,81.57062550992657,0.4120833,0.6244694078806329,0.05586759850791065,0.6907137375287797,0.2837259711368433,1.1025469168900803,0.03350864012021037,0.5525169045830203
강서구,193551,10456,7056,113076,2019,10007,37.786282602178474,4507.9105626061755,46.57459778155291,1966,41.961637843336725,2209.974567650051,35.67243133265514,21826,47.54806973334556,22255.866489507927,2071,7998,9564.869628198938,33048.261815453865,44.573549010140034,67.72961615403851,31833,8260,38816.66743341404,61.69099031476998,343,106080.96793002916,227.83501457725947,3244,59646.2065351418,72.54949445129469,0.40966663,0.5842181130554738,0.05402193737051216,0.6748278500382555,0.3143593126629598,0.9492998551424433,0.04152542372881356,0.3927360774818402
구로구,129693,11692,8333,81131,2019,6537,40.936542756616184,4579.227168425883,43.992351231451735,2299,37.633305785123966,1780.4645498042628,34.23444976076555,10442,53.39794004979889,20928.028059758668,1993,4623,8446.392373306573,29899.282933160284,39.96210235825389,69.8647025740861,16979,5878,39783.80622660769,66.10456617897245,308,69429.65584415584,147.9336038961039,3176,50494.54061712846,72.27152392947103,0.3675833,0.6255619038807029,0.09015135743640752,0.712709544988026,0.38500500618410977,1.1535373808329152,0.052398775093569244,0.5403198366791425
금천구,67012,9011,7471,30996,2019,4613,35.00626707132018,2518.998916106655,38.26295252547149,2725,34.7801247706422,1606.1981651376148,32.40550458715596,5928,43.98448380566801,16639.030026990553,1837,1621,8363.58192705498,26635.887106724243,37.96880783886772,67.12496607032696,10541,3888,33970.64660493827,66.6273688271605,307,82678.88599348534,221.3575244299674,1433,43174.9776692254,72.36711793440335,0.41266665,0.462544021966215,0.13446845341132932,0.8290977693929642,0.43762451380324446,1.4833968426782798,0.07896090534979423,0.36856995884773663
영등포구,101603,14378,9868,69946,2019,7542,40.393256430655,5590.472023335985,49.51935826040838,3205,35.693859594383774,2472.31887675507,36.18127925117005,12673,51.29772113943029,26044.966306320523,2905,5010,10684.87951807229,39624.878243512976,36.71849569707401,74.09681636726546,20215,5141,62938.885819879404,72.63987745574791,442,106093.65610859728,168.87633484162896,2843,78126.43897291593,75.30209989447766,0.45458332,0.6884245543930789,0.14151156954026947,0.6863263318959522,0.37308929013109077,1.1032702237521514,0.08597549114958179,0.5530052518965182
동작구,115075,14661,9947,61596,2019,8950,41.06525474860336,6176.084469273743,47.461675977653634,5473,34.94114562397223,2928.555088616846,38.43376575918143,12415,53.588959323399116,26072.3188884414,5083,4420,11373.513476293527,46962.909728506784,35.913470391501086,80.12464479638008,21365,4609,69646.06270340638,80.63840095465395,487,121470.5934291581,180.18147843942506,2428,85731.18492586492,82.13247116968698,0.44999996,0.5352683032804693,0.12740386704323267,0.6784666803083009,0.41890943131289493,1.0767263427109974,0.10566283358646127,0.5267954003037535
관악구,126526,21510,14687,54355,2019,13689,33.67515012053474,4091.40945284535,41.662429688070716,9025,32.101272022160664,2977.9940166204988,37.794127423822715,14353,42.06067372674702,17094.979098446318,7830,2830,10830.196679438059,33759.9664310954,33.53623243933589,72.32241696113074,28042,4997,44822.540724434664,76.10904342605563,529,103057.08695652174,222.9561436672968,2142,53442.71101774043,72.56522408963585,0.37950003,0.42959549815848125,0.17000458403806332,0.6827986982798698,0.48816061621852935,1.1526181353767562,0.10586351811086651,0.42865719431658994
서초구,131777,6331,4262,92106,2019,8482,57.28564843197359,16573.295567083234,85.71150672011318,2311,42.80194720900043,5134.2730419731715,49.41627001298139,12576,70.19779262086513,48713.60591603054,1565,7186,19606.511182108625,66536.42387976621,52.73295207667732,87.43171166156415,21058,4876,126899.32957342084,90.93743437243643,158,319829.5506329114,405.58196202531644,2959,165227.4754984792,98.77858398107469,0.45258334,0.6989535351389089,0.048043285247046146,0.6731953877744432,0.4027922879665685,1.4766773162939297,0.03240360951599672,0.6068498769483183
강남구,170444,7196,4801,122664,2019,12498,57.17895503280525,17005.23939830373,93.34757561209794,3154,43.88589727330374,4903.963855421687,55.93975903614458,16907,69.77013899568226,52200.297095877446,2230,10520,18922.280269058298,69382.99866920152,50.277506726457396,84.87543631178707,29405,6425,143949.35408560312,85.74325914396886,143,388773.4195804196,420.59993006993005,4350,179358.53747126437,91.99766896551724,0.49091673,0.7196733237896318,0.04221914529112201,0.6671762090050027,0.4250297568440741,1.4143497757847534,0.0222568093385214,0.6770428015564203
송파구,208692,8255,5860,125800,2019,15201,50.46554766133807,11975.605815406881,64.46365370699296,3032,39.594478891820586,3445.7839709762534,37.30507915567282,23753,62.06863217277817,37937.24236938492,2262,12181,12548.863837312114,55080.12511288071,44.84106984969054,81.60124702405386,38954,8727,90478.39796035293,76.57718803712616,226,149918.30088495577,289.4132300884956,5470,120783.11188299817,85.56927422303474,0.43416667,0.6028022157054415,0.03955590056159316,0.7098728043609933,0.39022950146326435,1.3404067197170646,0.02589664260341469,0.626790420533975
강동구,123014,10220,7496,73505,2019,8659,44.68697771105208,6464.247488162606,45.19286291719598,3654,41.51948002189381,3136.8809523809523,35.2608100711549,16850,57.26228902077151,27624.4234421365,3060,8792,11568.911764705883,37750.00420837125,44.92117647058823,72.57310054595087,25509,6642,62655.488708220415,75.24495182174043,390,140924.4358974359,270.20089743589745,3926,75369.01146204789,74.64211156393276,0.46291664,0.5975336140601882,0.08307997463703318,0.7334637964774952,0.3394488219843977,1.1941176470588235,0.05871725383920506,0.5910870219813309
종로구,46859,12259,4070,15688,2020,2864,42.28292597765363,6904.511173184357,60.1393156424581,1187,38.701811288963775,4024.456613310868,47.45324347093513,3082,57.162998053212206,28650.053536664505,984,881,16282.34756097561,49640.32349602724,48.084278455284554,76.06065834279228,5946,2575,62523.59611650486,77.48132427184466,459,103939.55119825708,126.76318082788671,805,83104.5602484472,80.7852298136646,0.35283336,0.33479160886916065,0.26161463112742483,0.332000978872665,0.48166834846955936,1.20630081300813,0.17825242718446602,0.312621359223301
중구,42234,5967,2436,26102,2020,2579,43.85977510663048,7394.369523070958,66.31989143078712,826,38.725193704600485,3158.939467312349,47.74213075060533,3493,53.1922215860292,32864.412253077586,638,1646,13923.902821316615,48242.095382746054,43.021034482758616,70.17940461725395,6072,2118,73457.43389990558,73.63998583569405,260,109278.46153846153,112.81123076923076,1138,90702.50878734622,82.14368189806677,0.37158334,0.6180328645167401,0.14128427333428042,0.40824534942182,0.4247364953886693,1.2946708463949843,0.12275731822474033,0.5372993389990557
용산구,74542,14064,7359,37676,2020,4504,54.495510657193606,9298.613898756661,75.80373001776199,2256,41.95451241134752,2811.5988475177305,48.53989361702128,8021,62.285828450317915,36011.913726468025,1925,3155,13638.73922077922,60604.28874801902,46.66008831168831,90.00589540412044,12525,4138,108518.0625906235,85.80485016916384,582,169515.69243986256,162.4331443298969,1640,150452.95731707316,97.56281097560976,0.3959166,0.5054331786107161,0.18867215797805265,0.5232508532423208,0.3596007984031936,1.1719480519480518,0.14064765587240213,0.39632672788786855
성동구,91329,10525,6759,67584,2020,6584,46.49999696233292,10217.875,69.68180437424058,2835,31.8060811287478,2861.700176366843,40.36402116402117,9821,61.834419101924446,40391.069544852864,2217,5917,12620.109156517818,56681.387189454115,39.287289129454216,77.29284265675173,16405,4806,102406.95984186433,84.52411776945485,432,181664.6226851852,221.51016203703705,3351,111781.3169203223,79.71383766039989,0.41766667,0.7400059126892882,0.11524269399643049,0.6421852731591449,0.4013410545565376,1.2787550744248986,0.0898876404494382,0.6972534332084894
광진구,89832,15332,11711,32135,2020,10001,38.846653334666534,5524.523247675233,47.53054694530547,6673,36.33953094560168,3171.1771317248613,40.13292372246366,10897,49.69654583830412,26484.317243277965,4507,2482,13807.912136676281,55235.80217566479,41.609496339028176,80.89352135374698,20898,4823,64873.94028612896,79.13261248185778,595,131701.54285714286,225.4690588235294,1361,105652.64805290228,84.93338721528288,0.35933337,0.35772330572624456,0.17067414729717695,0.7638272893295069,0.4785625418700354,1.4805857554914577,0.12336719883889695,0.28218950860460296
동대문구,103520,17120,9942,65033,2020,7904,37.64022140688259,4474.027074898785,48.49557186234818,3759,33.38757648310721,2272.827081670657,38.29342910348497,9811,51.75103557231679,25305.606869839976,3015,4328,10579.08623548922,39420.78373382625,38.0661824212272,70.93724121996303,17715,6297,57871.28394473559,71.15569795140543,728,86321.36538461539,144.17032967032966,3500,70074.52771428571,74.45109428571428,0.3590833,0.6282167697063369,0.16537867078825347,0.5807242990654206,0.4461755574372001,1.2467661691542289,0.11561060822613943,0.5558202318564396
중랑구,112364,18560,13464,55499,2020,8631,42.53332869887614,3955.8170548024564,38.40794809407948,5669,42.775159640148175,2678.2058564120657,34.08308343623214,12042,48.45011459890384,19546.821292144163,4552,3692,10948.832381370827,29643.378656554713,43.97749121265378,66.31675785482123,20673,6634,44894.68148929756,76.91050648176062,859,89182.05355064028,202.26182770663561,3071,50484.88570498209,68.93494301530446,0.31750003,0.493921540706988,0.16517745897262467,0.7254310344827586,0.4175010883761428,1.2453866432337435,0.12948447392221887,0.46291829966837506
성북구,138621,22520,9897,79206,2020,7126,44.5390724108897,5384.170783047994,47.719898961549255,3682,38.196287343834875,2699.1539923954374,38.87289516567083,11008,58.02383266715116,26694.490098110466,3215,4951,11103.796267496113,41093.414461724904,43.11055054432349,76.40217733791152,18134,9132,55640.293802014894,74.70822930354797,1177,75989.78079864061,130.09492778249788,4878,68575.79889298893,77.67306068060681,0.36591664,0.5713852879433852,0.16245734773230608,0.43947602131438723,0.39296349398919156,1.1452566096423018,0.1288874288217258,0.5341655716162943
강북구,97452,17557,10222,34733,2020,4057,42.867394626571354,2992.0517623859996,40.128173527236875,2765,39.106954792043396,1624.1739602169982,35.27594936708861,5325,52.70994741784037,18622.711361502348,2193,1738,8773.344733242135,32638.262945914845,41.24468308253534,71.96722094361334,9382,7569,36296.143612101994,67.64499009116132,866,70037.33025404158,158.3411778290993,2346,55098.89173060528,75.1911167945439,0.31016666,0.35641136149078523,0.18016048926651068,0.5822179187788347,0.4324237902366233,1.260829913360693,0.11441405733914652,0.3099484740388426
도봉구,107156,8634,5586,65032,2020,4048,47.57187994071146,3494.038537549407,43.62401185770751,1707,43.98124780316345,1769.0474516695958,33.57352079671939,7184,56.651997494432074,19649.253479955456,1485,3807,8370.552188552188,25627.9317047544,44.5766734006734,67.70099816128186,11232,7889,37935.914944859935,69.77357586512866,489,65297.0408997955,185.32860940695298,4808,45465.53244592346,69.82659109816971,0.2675,0.6068908880510657,0.08057411624174102,0.6469770674079222,0.3603988603988604,1.1494949494949496,0.06198504246419065,0.6094562048421853
노원구,189213,6619,3332,163502,2020,6831,46.28131898697116,4681.728297467428,46.917435221783045,1470,35.98087074829932,2156.800680272109,34.59795918367347,13340,59.30908695652174,24037.326611694152,1212,11000,8830.404290429044,26617.597363636363,39.945841584158416,62.810778181818186,20171,11677,47690.97944677572,63.77038451657104,312,63276.7532051282,150.67923076923077,9725,51602.44442159383,63.66713830334191,0.33483335,0.8641161019591677,0.03498174015527474,0.5033993050309714,0.338654503990878,1.2128712871287128,0.026719191573178043,0.8328337757985784
은평구,150658,14937,8111,59438,2020,8238,42.82566763777616,4169.206482155863,44.179048312697255,3534,43.39855687606112,2280.5353706847764,37.01669496321449,14838,54.091352608168215,22600.146515702923,2798,5105,10585.194781987133,35026.99608227228,47.445811293781276,72.843083251714,23076,12529,40423.03751296991,63.11169845957379,726,96023.79201101928,178.88449035812673,3809,62800.88999737464,77.38288527172486,0.36033335,0.3945226937832707,0.09914508356675383,0.543013992100154,0.35699427977119086,1.2630450321658326,0.05794556628621598,0.30401468592864556
서대문구,101036,12600,8128,54132,2020,5247,41.73451305507909,6034.628359062322,53.01181627596722,2428,34.757924217462936,2788.363673805601,42.07660626029654,8076,58.34386948984646,28335.28603268945,2158,3799,11941.726135310473,42792.40036851803,41.68772937905468,74.87440379047118,13323,5894,59225.18476416695,73.52356973193078,496,91504.67338709677,160.01717741935485,3057,77821.01210336931,77.49067059208375,0.36066672,0.5357694287184765,0.12470802486242527,0.645079365079365,0.39383021841927496,1.1251158480074144,0.0841533763148965,0.5186630471666102
마포구,122311,11618,6332,70307,2020,11477,39.75191774854056,6973.822950248323,58.35235688768842,3768,37.4258466029724,3083.2983014861998,48.46868365180467,14217,52.11291341351903,31822.408736020257,2545,5774,14213.282907662082,50884.09802563214,41.31885265225933,74.21193972982334,25694,7189,73155.92724996523,69.0762456530811,500,182408.114,197.95057999999997,3206,101337.54959451029,77.51883655645663,0.39075002,0.5748215614294708,0.09498736826614124,0.5450163539335514,0.44668015879193584,1.4805500982318271,0.06955070246209487,0.4459591041869523
양천구,143769,7698,5319,90788,2020,5898,53.40912343167175,11493.468633435063,52.923702950152595,1915,40.22423498694517,2184.9138381201046,35.069973890339426,14160,61.48023093220338,33408.231285310736,1533,7593,10610.660795825179,46475.04161727907,46.56065883887802,76.64993151586988,20058,9203,53812.853960665,66.32721721177877,307,91672.99348534201,227.8844625407166,3898,88572.012570549,79.53082093381221,0.36241665,0.631485229778325,0.053544227197796466,0.690958690568979,0.2940472629374813,1.249184605348989,0.033358687384548516,0.4235575355862219
강서구,195383,10260,6882,113767,2020,11614,38.184262958498365,5170.132598587911,46.8831582572757,2248,41.112522241992885,2114.5951957295374,36.61788256227758,25466,47.56730424880232,24040.739770674623,1967,9888,10303.1453990849,34170.445691747576,45.14260294865277,66.79490898058253,37080,13415,45407.918896757365,62.44933507267983,410,119054.9512195122,250.88404878048783,6237,67144.16337983005,72.50548661215328,0.36249998,0.5822768613441293,0.052512245179979836,0.6707602339181287,0.3132146709816613,1.1428571428571428,0.03056280283265002,0.4649273201639955
구로구,133012,11474,8163,83459,2020,7571,41.440095099722626,5016.649716021661,43.391493858142915,2475,36.9198303030303,1750.5652525252526,34.0149494949495,11382,54.900144087155155,23168.162185907575,2188,5297,9096.414990859232,32355.733811591468,40.253743144424135,69.92244100434208,18953,9638,42812.55208549491,66.80868541191118,439,74015.25512528473,175.6831890660592,5367,54027.10583193591,71.2715241289361,0.33108333,0.6274546657444441,0.08626289357351216,0.7114345476729999,0.3994618266237535,1.1311700182815356,0.04554886905997095,0.5568582693504877
금천구,68804,8807,7273,31689,2020,5143,34.447132024110445,2683.109080303325,38.839976667314794,2945,33.64975212224109,1593.7171477079796,32.747368421052634,6826,43.639931145619684,19101.617638441254,1810,1857,8743.3182320442,29871.831448572968,37.626734806629834,66.88593430263866,11969,4762,36394.20516589668,63.87429021419572,333,93728.72072072072,237.28231231231229,1774,46446.35005636979,67.0633540022548,0.35450003,0.46056915295622347,0.12800127899540725,0.8258203701600999,0.4296933745509232,1.62707182320442,0.06992860142797144,0.37253254934901303
영등포구,107366,14276,9783,74957,2020,9413,42.67593009667481,7503.378412833315,51.9208541378944,3648,34.92789747807018,2393.421875,36.27713815789474,15473,52.41435080462742,29993.42577392878,3040,6548,11291.233552631578,45582.25076359194,37.21264473684211,76.09904398289554,24886,7358,66162.40296276163,69.24493748301168,529,99636.66729678639,167.99521739130435,3903,87223.37432744043,74.6354983346144,0.38875,0.6981446640463461,0.13296574334519307,0.6852759876716167,0.3782447962709957,1.2,0.07189453655884752,0.5304430551780375
동작구,115615,14522,9863,61606,2020,9153,41.70312028843002,7054.982628646346,47.959139080083034,5591,35.07836344124486,3204.142550527634,38.76354856018601,12729,54.11227511980517,29722.299237960564,4836,4812,12278.145988420181,51872.42310889443,35.351116625310176,79.08542394014962,21882,6301,75561.7063958102,79.81737819393747,636,136976.79402515723,182.4195283018868,3147,96347.67175087385,82.40428979980933,0.40191662,0.5328547333823466,0.12560653894390866,0.6791764219804435,0.4182890046613655,1.1561207609594706,0.10093635930804634,0.49944453261387084
관악구,127568,21249,14545,55417,2020,15530,32.92652672247264,4268.022794591114,40.53065035415325,10361,31.31492133963903,3056.9750024128944,37.31840555930895,14904,42.75036366076221,19364.59789318304,7399,3321,11321.383024733072,37172.64829870521,32.73948776861738,72.59717253839204,30434,6625,48982.06324528302,74.54492226415094,586,111047.36689419796,230.83098976109213,2944,61910.31216032609,74.08084239130434,0.35508335,0.43441145114762325,0.1665699862034366,0.6845028001317709,0.5102845501741473,1.4003243681578592,0.08845283018867925,0.44437735849056603
서초구,133528,5481,3579,94499,2020,10103,58.03182520043552,19292.319113134712,91.91636147678908,2703,42.94348871624121,5281.540140584536,51.53903070662227,14303,70.16894567573237,57451.51583583863,1504,8224,21116.125,78466.96303501945,52.664840425531914,87.69239299610895,24406,6826,124644.70890711984,86.2311338997949,246,357115.42276422767,405.21670731707314,3767,163192.0613220069,92.20767188744358,0.42208335,0.7077092445030256,0.04104757054700138,0.6529830322933772,0.41395558469228877,1.7972074468085106,0.036038675651919136,0.5518605332552007
강남구,173745,6968,4669,126023,2020,13018,58.00123598094945,20269.67683207866,101.81648486710708,3500,44.13981142857143,5264.333428571428,58.75828571428571,17524,68.1699680438256,57841.90219128053,2140,10442,21028.042056074766,78776.55267190194,49.94828037383178,85.13070388814404,30542,7037,140980.4641182322,85.72438539150205,278,480965.43525179854,470.8612230215827,3989,183355.5831035347,88.57276009024818,0.44866666,0.7253331031108808,0.04010475121586233,0.6700631458094145,0.4262327287014603,1.6355140186915889,0.03950547108142675,0.5668608782151485
송파구,211578,8072,5705,127239,2020,16540,48.00439298669891,12526.677750906892,63.570193470374846,3238,38.46500617665225,3400.6920938851144,39.15348980852378,23784,59.31446266397578,39874.37033299697,2124,11147,13621.05790960452,60630.04036960617,44.95519774011299,80.86476181932359,40324,10914,83873.55873190398,71.749336631849,337,202355.80118694363,343.1727893175074,5185,128861.59112825459,84.6623837994214,0.4395,0.6013810509599297,0.038151414608324115,0.7067641228939544,0.4101775617498264,1.524482109227872,0.03087777166941543,0.4750778816199377
강동구,137876,9956,7269,87159,2020,10194,44.62288208750245,6904.9461447910535,47.9671375318815,4099,40.814523054403516,2880.415711149061,36.64601122224933,17064,54.828162212845754,30130.29494842944,3158,7892,12633.459468017732,43621.264571718195,45.29560797973401,72.43101495184997,27258,8891,63019.46935102913,70.75601844561916,460,134226.8847826087,269.4234565217391,4667,82782.76323119776,73.59865866723806,0.37966666,0.6321549798369549,0.07220981171487423,0.7301124949779028,0.3739819502531367,1.297973400886637,0.05173771229333034,0.5249128332021145
